movie_title,review
미션 임파서블,시간 가는줄 모르고 재밌게 봤습니다
미션 임파서블,스파이 액션물로 톰 크루즈가 너무나 이단 헌트여서 진짜 좋았음 30년이 다 되도록 시리즈로 이어나간 톰 크루즈의 저력
미션 임파서블,역사의 시작
미션 임파서블,시리즈의 완벽한시작. 어쩌면 1편만큼 완벽한 미션임파서블 시리즈는 없지않을까. 스릴이란걸 이토록 쉽게느끼게 해주다니 ㄷㄷ 다시봐도 너무 재밌다
미션 임파서블,이 영화를 극장에서 못 본 것은 정말 한이 될 것 같다
미션 임파서블,스파이 영화의 한 획을 긋게된 전설의 시작
미션 임파서블,빰빰 빠밤 빰빰 빰밥
미션 임파서블,"스토리도 엄청 매력 있고 3파전의 양상도 맘에 든다. 액션도 1996년을 감안하면 완벽하고, 천장으로부터 방에 잠입하는 장면은 2024년에 봐도 이질감 하나 없이 긴장감 최고다."
미션 임파서블,전설의 시작
미션 임파서블,전설이 된 첩보 액션영화
미션 임파서블,이 영화가 지금까지 올 거라 생각했나?
미션 임파서블,이때는 몰랐다. ‘007’ 시리즈와 비견될 첩보액션 시리즈가 될 줄은.
미션 임파서블,브라이언 드팔마가 블럭버스터 스릴러를 만나 히치콕의 영향을 받은 그대로 잘 섞어냈다. 지금 시대에 봐도 뛰어난 블록버스터
미션 임파서블,레전드의 시작
미션 임파서블,오락적 재미가 한가득 선물세트
미션 임파서블,시작 !!!
미션 임파서블,그야말로.. 첩보 스릴러
미션 임파서블,톰 크루즈의 몸을 사리지 않는 액션 연기.
미션 임파서블,이상 가득한 시대적 내러티브가 돋보인다.
미션 임파서블,시작을 알리는 톰형
미션 임파서블,전설의 시작 .드팔마 특유의 분위기가 맘에 든다.
미션 임파서블,전설의 시작이 아닐까
미션 임파서블,아직은 정립되지 않은 시리즈의 분위기
미션 임파서블,미국판 007의 시작
미션 임파서블,어쩌면 이 영화의 분위기로 흘러가도 좋았을지도 모를 톰 크루즈의 인생 걸작
미션 임파서블,BGM만 들어도 흥분되는 영화.
미션 임파서블,그냥 평범하다
미션 임파서블,첩보 스파이하면 떠오르는 작품 세개를 꼽으라면 007시리즈. 미션임파서블시리즈. 본시리즈이다. 두 말할 필요 없는 톰 크루즈의 액션의 진수를 볼 수 있다.
미션 임파서블,개인적으로 시리즈 최고작으로 꼽는 작품. 와이어 신은 정말 미쳤다는 말밖에 나오지 않는다. 본 얼티메이텀과 함께 내가 첩보 장르를 좋아하는 이유가 된 영화.
미션 임파서블,"다들 한번쯤은 본적있을 와이어 잠입 씬, 대박입니다 톰크루즈의 매력이 철철 흘러넘친다..."
미션 임파서블,첩보물의 반격.
미션 임파서블,새로운 타입의 스파이
미션 임파서블,톰 크루즈가 아니었다면 과연… 유명한 걸로 유명하다.
미션 임파서블,전설의 시작.
미션 임파서블,"서스펜스와 긴장감, 잘생긴 주인공."
미션 임파서블,"첩보물의 정석이자 시리즈의 정수, 와이어씬은 단연 백미!"
미션 임파서블,대단함의 시작
미션 임파서블,전설의 시작. 첩보액션의 교과서
미션 임파서블,긴장의 끈을 놓을 수 없는 압도적인 몰입감에 숨막히는 첩보 액션까지. 훌륭하다.
미션 임파서블,시간이 지나도 여전히 세련되고 섹시한 톰크루즈의 첩보영화
미션 임파서블,톰크루즈의 미션 임파서블은 계속되어야한다고 생각함. 시간이 흘러도 매력적.
미션 임파서블,불가능한 임무의 첫 시작. 탐크루즈의 더 젊었던 시절 얼굴만 봐도 충분한데 완성도도 좋다
미션 임파서블,기존 TV 시리즈의 주요 캐릭터를 모욕적인 방식으로 퇴장시킨 그 빚을 온몸으로 갚고 있는 최근의 톰 아저씨를 보고나니 이제 이 1편을 용서할 마음이 약간 들었다
미션 임파서블,꽤 예전 영화임에도 요즘 보기에도 그닥 오래된 느낌 없이 볼만하다
미션 임파서블,첩보 영화의 기본적인 틀로 자리매김한 놀라운 시리즈의 서막 또한 톰 크루즈의 묘기에 가까운 스턴트의 시발점
미션 임파서블,긴장감 하나만으로 뇌리에 박히는 장면들.
미션 임파서블,현대 헐리우드 첩보물의 본산이자 상징. 특유의 리듬감과 톰 크루즈가 갖는 스타성의 결합이 강력한 시너지를 발생시킨다.
미션 임파서블,클래식의 힘. 와이어 장면과 열차 장면은 와우...
미션 임파서블,"관객을 들었다 놨다 하는 반전과, 원대로 눈호강 시켜주는 액션. 이 두가지만으로도 다른 평가가 끼어들 틈이 없다. 1996년은 천하무적 에단 헌트가 탄생한 역사적 한해였던 것이다."
미션 임파서블,첩보물의 지평을 넓혔다
소울,아이들과 재미나게 보았어요 뮹클한 감동도 플러수!
소울,<업>이나 <월-E> 정도를 상상했는데...
소울,도망치고 싶던 나날과 의미를 찾지 못했던 나날을 모두 돌아볼 수 있었던 영화.
소울,진짜 소울이 느껴지는 영화 역시 픽사는 사람의 숨어있는 마음을 건드리는데 최고다
소울,사라지거나 살아지거나
소울,모두의 일상을 안아줄 수 있는 픽사의 따뜻함
소울,인생 뭐 있어? 그냥 즐겁게 살다 가면 되지! 근데 어떤 거에 더 즐거움을 느끼는지 안다면 더 재밌는 삶을 살게 되는 것 같긴 하다 🎶 🎵
소울,영화가 가슴으로 단숨에 들어오는 순간이 있다.
소울,한 번 사는 인생 하고싶은 거 하면서 즐겁게 살자구 ~
소울,존재만으로도 충분히 특별해.
소울,삶 이전엔 망설임이 있었을지도
소울,제2의 인생은 없다. 매 순간이 있을뿐.
소울,현재 삶을 살아가고 있는 모든 사람에게 위로를 건네는 영화
소울,소울
소울,이맛에픽사보지…
소울,지루했던 일상 속의 따뜻한 한 줄기의 빛 같은 느낌? 몽글몽글하니 귀엽고 내용은 어른들을 위한 영화
소울,코코가 어른들을 위한 영화였다면 소울은 청소년과 20대 어른이들을 위한 영화. 코코만큼의 감동은 없어도 감동 대신 감격을 느낄수있음
소울,"우주를 악보삼아, 영혼을 건반삼아 연주한 인생이란 즉흥환상곡."
소울,바다나 강이나 같은 물일 뿐 날 행복하게 하는건 나
소울,삶에 권태를 느끼는 사람에게 꼭 보여주고 싶다. 꼭 무언가 이루어야 하는 게 성공한 삶이 아닌 소소한 행복을 소중히 여기고 하루하루 살아가는 것만으로도 가치있는 삶이라고.
소울,우리는 모두 인생을 경험해봤고 경험 해보는 중이다. 당신의 소중한 것은 당신 인생을 소중하게 만들고 당신의 소중하지 않은 것들은 소중한 것을 만들 수 있게 해준다.
소울,특별한 그 잠깐을 위해 평범하다는 이유로 일상이라는 시간을 포기해야하는가?
소울,픽사의 영화들은 매우 보편적인 가치라 평소 무심코 지나쳤던 것들을 찾아내어 잔잔한 울림으로 우리에게 보여준다. 주기적으로 다시 볼 가치가 있다
소울,21-006 천대 받은 일상에게 위로를 아름답게 전하는 영화. 조금 더 긍정적으로 세상을 보며 살아가야겠다.
소울,너무 귀여움
소울,어릴 적 내가 좋아했던 보석함 속을 잘그락거리는 감촉
소울,태어났으니까 사는 거지 특별한 이유는 없어 [오늘 가족들이랑 외식을 했다 참 행복했다] 어릴 적 쓴 일기처럼 소소한 순간에서 행복은 머물러간다 삶에 허우적대 느낄 여유가 없었을 뿐
소울,"조 가드너도, No22도 나였다. 내가 나를 안아주는, 다독여주는 상상을 해본 사람이라면 다들 엉엉 울 것이다."
소울,"매 순간 즐기면서, 그냥 사는 거지 뭐."
소울,‘영혼’이라는 판타지를 끌어들여 삶을 진지하게 고찰하게 만드는 픽사의 철학. 재즈가 무엇이냐고 설명하는 대신 ‘재즈하다’는 표현을 쓰듯이.
소울,.
소울,'니가 뭘 안다고 그래' 라고 말하고 싶다
소울,여전히 어른을 울리는 픽사의 건재함 확인
소울,지금 픽사 제작진 중 제일 흥미로운 스토리텔러는 단연 피트 닥터 감독이다.
소울,난생 태어나서 이렇게 아름답고 진정성 있는 영화는 처음 본다. 내가 여태 살아왔던 것은 인생이 아니었던가? 반복되는 일상에 회의감이 들 때 보면 인생이 전과는 달라 보일 것이다.
소울,이 세상에 내가 나온 이유는 반드시 있다. 삶의 이유를 다시금 생각하게 해 주는 영화
소울,"궁극적인 삶의 목적과 일상의 즐거움, 그 사이."
소울,꿈만 좇아 사는 이들에게
소울,살아가고 사랑하며 행복하라.
소울,마침 직장에서 권태가 왔을때 봤어서 그런지 엄청 몰입하고 공감하고 위로받았던 영화. 픽사영화는 항상 나에게 울림을 준다 진짜 울림(ㅠㅠ)
소울,삶을 그저 살아내고 있는 사람들에게 보내는 위로
소울,마음이 따뜻해져요.
소울,잘 모르겠는뎅
소울,‘ 테리 고마워요 ’
소울,앞을 보지 않았을 때 죽음을 맞았지만 되려 앞이 아니라 다른 곳을 보라 말한다 이것이 Catch 22
소울,life is life
소울,"뻔한 와중에 울림도 크지 않은 이야기, 픽사가?"
소울,"""I will live every minute."" 살아나갈 용기없는 비겁한 우리도 그럴 수 있기를... 201227"
소울,영화의 주제는 별로 중요하지 않다. 뻔하기 때문에. 이 영화를 보라. 삶의 대한 답이 아니더라도 삶을 살아가는데 충분한 위로와 응원을 해준다.
소울,우리의 과거 현재 미래를 다시 보게 하는 작품
스마일 2,얼얼함과 기괴함이 두배로 더 커진 초역대급 매운맛 공포!
스마일 2,존나재밌음
스마일 2,"오프닝, 엔딩 강렬함."
스마일 2,무서움 보다는 징그러움. 그래도 지루하지 않고 봤다
스마일 2,'스마일'이 호러 시리즈로 정착하기 위한 발판이 된 것 같다.
스마일 2,스마일2
스마일 2,1편보다 재밌게 보았다. 잔인하기도 하지만 기본적으로 정신나갈 것 같은 연출이 인상 깊었다. 그리고 엔딩은 예상을 하기는 했지만 강렬했다.
스마일 2,무서워서 죽을 뻔했어요
스마일 2,"예상되는 결말, 하지만 남의 주목을 먹고 사는 이들이 지닌 좀먹은 정신 세계에 주목하게 되는 작품. 짜임새 있는 호러 영화."
스마일 2,매콤한 맛에서 매운 맛으로 돌아온 스마일.
스마일 2,"1편보다 훨씬 재밌다. 올해 최고의 공포영화라고 해도 될 정도로 몰입도, 연출, 긴장감, 공포감, 엔딩까지 모든게 완벽하고 특히 여주인공으로 나오미 스콧의 연기력이 역대급 최고"
스마일 2,자신만을 바라보는 대중들과 트라우마 속 웃어야만 지속할 수 있는 스타의 비극. 2편에서 확실해진 스마일의 의미.
스마일 2,떨어진 완성도 대신 올라간 엔터테인먼트력
스마일 2,1편 이어서 6일후 시점부터 조엘이 등장하면서 시작. 마지막엔 여주인공 뿐만 아니라 관객도 속인다. 임산부 및 노약자는 관람을 하지 마시기를...
스마일 2,전편 보다 나은 속편 출현의 반가움 쟈스민(나오미스캇)의 연기로 환호성 착각과 현실을 넘나들어 관객을 혼란케한 반전의 반전도 감탄 라스트씬은 우려했고 예상했는데 맞았네
스마일 2,킬링타임과 고어를 적절히 조합하는 재주.
스마일 2,불쾌하고 대단하며 답답하다
스마일 2,사종일관 몰아치는 이 공포가 누군가에게는 현실이다.
스마일 2,"미쳤다는 소리를 들으며, 아무도 공감해주지 않는 고통에 대해... 알고보면, 현대인의 내재된 공통된 공포는 아닐지."
스마일 2,개봉 이틀째날에 만난 영화 어느정도 잔인해졌다는 느낌이 강했다
스마일 2,후속작이 맞나 싶을정도로 연속성이 떨어지고.. 없던 설정이 추가되는 ㅎㅎ
스마일 2,이런식의 전개와 결말은 너무 지겹다
스마일 2,1편보단 스릴이 덜 했고 잔인하다는 요소가 극대화된듯 지루할 뻔했지만 그런대로 끝까지 봄
스마일 2,“전편보다는 좀 더 강렬하고 더 혼란스럽게”
스마일 2,여전히 트라우마는 사라지지 않고...
스마일 2,1편보다 더 기괴하고 정신병 걸릴거 같았음 스마일이 더 섬뜩해짐..
스마일 2,죽더라도 웃어야 하는 언캐니한 톱스타 삶의 참상.
스마일 2,재미없다고하면 거짓말이고 다만 1편보다 낫다고는 못하겠다 1편은 참 신선했는데
스마일 2,공포와 긴장감 간간히 나오는 놀람 포인트에 좀 징그럽긴 하지만 고어스러운 장면까지 1편보다는 스토리보다는 내용에 더 치중한 느낌이며 시리즈로 간다 는 의미있는 전달력이다
스마일 2,?
스마일 2,조커2를 이렇게 만들었어도 안망했을건데 ;; 스마일2 볼만함.
스마일 2,환각인듯 아닌듯 경계선 있는 정신세계.. 우리도 지난일들을 잊어버리면 환각과 같이 되는 우리의 정신....
스마일 2,소재의 신선함을 넘어 시각적으로 새로운 체험을 선사하는 스마일 호러
스마일 2,트라우마에 굴복한 모습을 공연한다는 충격적 파국으로
스마일 2,입이 귀에걸리게 평생 웃게해줄께 저승에서
스마일 2,주인공의 직업과 상황이 전작보다 더욱 비중있고 중요하게 다뤄져서 마음에 들었다.
스마일 2,고어함만 잔뜩 늘어나고 1편보다는 기대 이하 그래도 2시간이 지루하지않고 나오미스콧 연기 잘함
스마일 2,내 취향이 아닐 뿐이지 영화 내적인 개연성은 충분해서 잔인한 장면빼곤 볼 만했음
스마일 2,설정보다 돋보이는 캐릭터 구축과 실감나는 발군의 연기
스마일 2,"후유증과 죄책감으로 확장하는, 대범하고 야심찬 과정과 결과의 공포"
스마일 2,최근 몇 년간 개봉한 공포영화중 최고로 꼽힐만한 작품
스마일 2,취향이 맞다면 1.5는 더 줬을거야
스마일 2,알라딘의 쟈스민공주는 잊어라 스마읽2는 나오미스콧의 연기변신이 다했다 여기에 연출 배우들의 연기력 여기에 공포를 배가시켜주는 사운드까지 네겐 올해최고의 공포영화다!
스마일 2,역시 난 이런 영화 싫어하는데 왜 봤을까?
스마일 2,친구랑 영화관에 2명이서 덜덜 떨면서 봄 밑인 이 악마놈은 언제 죽나
스마일 2,흔한 홍보문구 '눈에 보이는 것을 믿지 마라!'
스마일 2,8.8/1편의 발전적이고 성공적인 답습 아닌 답습. 전반적으로 확실히 업그레이드된 재탕 아닌 재탕.
스마일 2,스마일2 정보 출연진 관람평점 리뷰 결말 후기 스포 쿠키 형보다 나은 아우 공포영화추천
스마일 2,팝계의 어두운 면과 자극적인 호러의 만남
스마일 2,（╹◡╹）
위대한 쇼맨,그 시대 그 시절 아무것도 모르지만 특별함을 볼 줄 아는 능력을 가진다는 것이 위대하다는 건 알겠다. 심장이 쿵쿵 뛰는 음악에 홀림과 함께 끝까지 흥분.
위대한 쇼맨,약 1년 전에 이 영화가 개봉했었다. 당시에 '20세기 폭스' 인트로 영상만 보고 이 영화에 반했다. 영화 시간 1분만에 마음에 드는 영화를 처음이었다. 그리고 이 영화를 극장에서...
위대한 쇼맨,아주 재밌게 봤고 감동적이었습니다. 실화 영화인 것을 생각하니 더욱 좋았습니다.
위대한 쇼맨,'레미제라블'·'라라랜드' 급은 아니더라
위대한 쇼맨,"딱 할리우드 뮤지컬스러운 영화다. 무엇이든지 어떻게든 해피엔딩, 실제인물을 지나치게 미화하고 말도 안 되는 극적 전개를 집어넣은 각색, 화려하고 알록달록한 색감에 호화 캐스팅까지 ..."
위대한 쇼맨,노래 스토리 연출 모두 최고의 작품이에요 이미 너무 유명하지만 안본 사람 있다면 꼭 보세요 인생영화가 될거에요!
위대한 쇼맨,실화 기반이 단점으로 작용할 때도 있다.
위대한 쇼맨,희망을 주고 벅차오르는 감정을 선물하는 넘버들 입니다!!
위대한 쇼맨,빠른 전개속 압도적인 뮤지컬 공연에 빠지다
위대한 쇼맨,"분명 신나고 재밌고, 퍼포먼스나 음악이나 너무 좋은데 바넘의 미화나 제니 린드에 대한 취급이 찝찝함을 지울 수 없음."
위대한 쇼맨,내가 본 뮤지컬 영화 중에 노래 제일 좋고 노래 제일 잘 부름. 전곡이 다 좋아.
위대한 쇼맨,"폭스가 디즈니로 인수된 이후 개봉된 첫 영화때문인지 모르겠지만, '위대한 쇼맨'은 폭스의 과거와 현재 로고가 번갈아 등장한다. 그 사이 '로건'을 연기한 휴 잭맨은 '울버린' 영화..."
위대한 쇼맨,연말 데이트 무비로 딱인 뮤지컬 실화
위대한 쇼맨,심장이뛰는영화!!
위대한 쇼맨,위대한 풍각쟁이
위대한 쇼맨,"환상적인 쇼와 음악은 플러스, 편의성에 기댄 스토리 전개는 마이너스"
위대한 쇼맨,"<레 미제라블>은 아니고, 그냥저냥 뮤지컬"
위대한 쇼맨,전형적인 스타일이긴 했지만 단지 그렇게 말하기엔 음악을 너무 잘 만들었다.
위대한 쇼맨,꿈과 희망의 영화. 배경음악은 세상의 주인공으로 이끄는힘.
위대한 쇼맨,희망차지만 현실의 벽에 부딪히는 사람들을 보고 같이 안타까웠고 그들을 진심으로 응원하면서 보게 되었다
위대한 쇼맨,주기적으로 재개봉하세요. 명령입니다..
위대한 쇼맨,음악만으로도 5점의 가치가 있는 영화.
위대한 쇼맨,다른' 그들의 노래에 눈물짓던 자신이 한심스러울 정도의 미화된 실화에 대한 불쾌감.
위대한 쇼맨,.
위대한 쇼맨,가슴 벅차게하는 노래 만으로도
위대한 쇼맨,"좋은 점은 노래, OST, MUSIC, SOUND"
위대한 쇼맨,원래 프릭쇼의 진의를 알고있음에도 별점을 주게 만드는 21세기 할리우드의 노래와 엔터테인먼트의 힘. 근데 굳이 이 소재로 미화영화를 만들겠다고 생각한 저의가 뭘까.
위대한 쇼맨,시작부터 끝까지 숨 쉴 틈없이 몰아치는 고양감
위대한 쇼맨,위대한 쇼맨
위대한 쇼맨,엥 진짜 별로 ㅋ 진심으로 이게 재밌다고 지루함 참고보다 결국 껐다
위대한 쇼맨,"<라라랜드>와 더불어 현대뮤지컬의 현주소. 지금 제작진이 무슨 짓을 한 거냐면 1. 라라랜드에선 2016년을 끌고 와서 1950년대의 뮤지컬을 부활시켰고 2. 100년 전, ..."
위대한 쇼맨,오후 2시에 늦은 점심으로 먹는 배달 짜장면의 맛
위대한 쇼맨,"너무나도 즐겁게 감상한 영화입니다. 첫 장면부터 끝날 때까지... 몰입해서 보았습니다. 음악도, 화려한 영상도 모두 좋았습니다. 행복한 시간이었어요."
위대한 쇼맨,"<위대한 쇼맨>은 러닝타임을 가득 채운 볼거리와 뮤지컬 넘버의 눈과 귀가 즐거운 향연, 그리고 배우들의 호연 덕에 시간 가는 줄 모르고 즐기기에 부족함이 없다. 비록 실존 인물의..."
위대한 쇼맨,스토리는 진부하더라도 음악과 영상미의 가치는 충분하다
위대한 쇼맨,"실화 기반 논란이 있긴 하지만, 영화만 놓고 본다면 매우 재밌고 감동적이며 영상미와 음악 모두 훌륭했어요. 차라리 아예 가상의 스토리였다면 좀 더 호평 받지 않았을까 싶더라고요."
위대한 쇼맨,노래 점수가 4점
위대한 쇼맨,스토리는 버리고 눈과 귀는 흥겹게.
위대한 쇼맨,호불호가 갈린다고 하더라도 부정할 수 없는 뮤지컬의 정석.
위대한 쇼맨,노래가 좋다
위대한 쇼맨,ost맛집 음악하나하나가 웅장하고 연기력은 말해뭐해
위대한 쇼맨,최고의 뮤직 무비
위대한 쇼맨,즐거운 프릭쇼라… 애매하다.
위대한 쇼맨,보면 볼 수록 더 좋아지는 영화. 노래가 진짜 좋다
위대한 쇼맨,해피엔딩을 좋아하긴 하지만 이런식으로는 아니야...
위대한 쇼맨,모두에게 사랑받을 필요는 없다
위대한 쇼맨,노래만 본다면 여기가 바로 그래미 시상식
위대한 쇼맨,이 영화 한편에서 이렇게 좋은 노래가 많이 나올 수 있다는게 놀랍네요. 잘 만든 영화고 볼 만한 가치가 있습니다. 다만 스토리 면은 좀 아쉽네요
위대한 쇼맨,두 번째 봐도 완벽한
위대한 쇼맨,"꿈과 열정, 우정, 사랑 이 모든 게 사운드로 귀결."
신비한 동물사전,진짜 조앤.k.rolling 작가님은 무슨 생각을 하시길래 이렇게 명작을 낼 수 있을까요 동물들도 너무 신기하고 재미있습니다 항상 캐릭터도 독보적이고 예측불허라서 감탄합니다
신비한 동물사전,신비하게 볼만했음
신비한 동물사전,"빌런은 약했지만, 머글에 대한 접근 방식이 마음에 들었다. 해리포터라는 뿌리깊은 판타지에서 마침내 로맨스와 애틋함을 제대로 끌어낸 느낌! +) 에디 레드메인 캐릭터 중에 가장 마음..."
신비한 동물사전,한줄평 - 세계관 확장한다고 해서 굳이 서사까지 필요한 것은 아니다. 그저 이 세계가 지금도 살아있다는 것만으로도 가슴 뛴다
신비한 동물사전,기대 안 했는데 좋더라
신비한 동물사전,신비한 동물 사전이 어떻게 해리포터 시리즈냐
신비한 동물사전,재밌었어. 뉴트의 얼굴이.
신비한 동물사전,해리포터에서 보여주지 못한 액션과 화려함 모두 여기 가져왔다!
신비한 동물사전,앞으로의 시리즈가 매우 기대된다
신비한 동물사전,동물들 보는 맛에 보는거지
신비한 동물사전,"영감을 얻기에 좋은영화. 이 영화에 나오는 동물들을 보면 영감이 새록새록 떠올라서 예술욕구를 자극한다. 하지만 내용적으로는 아쉽다. 조금 뻔한 영화계의 패스트푸드느낌,하지만 재밌다"
신비한 동물사전,롤링이 직접 선보이는 위저딩 월드.
신비한 동물사전,"다시 찾아온 잠깐의 마법같은 만남, 그 꿈에서의 깨어남, 그리고 재회의 약속."
신비한 동물사전,별로였던 거 같음 해리포터 안봐서 재미없다기엔 너무 재미없었음
신비한 동물사전,동물이 여기까진...
신비한 동물사전,화려했고 반전도 멋지더라
신비한 동물사전,훌륭한 상상력의 훌륭한 구현. 해리포터 시리즈와 별개의 이야기지만 이어지는 것이 있는 게 재밌다.
신비한 동물사전,대놓고 미국을 겨냥한 속물사전
신비한 동물사전,왜 아쉽지
신비한 동물사전,안전빵을 노린다
신비한 동물사전,엄마가 섬 그늘에 굴 따러 가면 2016년
신비한 동물사전,..
신비한 동물사전,포켓몬을 처음 봤을 때와 같은 모든 것이 탐나고 설레는 기분 그대로. 이것만으로도 나의 덕질 리스트에 +1
신비한 동물사전,난잡한 스토리로 러닝 타임이 길게만 느껴졌다
신비한 동물사전,사소한 것 하나하나가 다 좋았던 영화.
신비한 동물사전,.
신비한 동물사전,신비롭고 매력적인 동물들과 실로 황홀한 영상미 and 이 영화만의 독보적인 캐릭터들까지
신비한 동물사전,아이들과 함께 볼만한 영화. 재밌었다.
신비한 동물사전,해리포터 시리즈는 언제나 내 가슴을 뛰게 한다.
신비한 동물사전,해리 포터의 세계관을 훌륭하게 이어간다
신비한 동물사전,해리포터의 의문을 잘 풀어준다
신비한 동물사전,에디 레드메인의 적당히 찌질한 연기가 너무 사랑스럽다
신비한 동물사전,제이콥의 빵집처럼 행복을 전해주는 영화.
신비한 동물사전,해리포터의 번외작 제목만 보고 애들 영화인지 알았는데 막상 보니까 나쁘지 않았다. jk롤링의 상상력에 감탄하게 된다.
신비한 동물사전,니플러 귀여워
신비한 동물사전,정말 좋았는데 중반 이후부터 논리성 붕괴되더니 급하고 허술하게 끝났다 남는건 동물들보다 더 기억에 남는 에디 레드메인의 매력쩌는 뉴트!
신비한 동물사전,역시 판타지 세계관은 해리포터
신비한 동물사전,해리포터 생각하고 보면 조금 실망할 듯
신비한 동물사전,좌충우돌 여행기
신비한 동물사전,오래된 동화책의 첫 페이지처럼 익숙한 것 같으면서도 신기한 세계의 시작
신비한 동물사전,여주인공 빼고 다 괜찮았다.
신비한 동물사전,다소 지루했지만 후반부가 오히려 더 좋았던 영화다. 퀴니 골드스틴의 매력과 해리포터 세계관이 계속 보게 만들었다. 2편에 대한 평이 좋지 않아서 볼까말까 고민 중..
신비한 동물사전,굳이 조니 뎁이었어야 했나. 여전히 기발하면서도 따뜻한 상상력은 놀라움을 금치 못했는데.
신비한 동물사전,3.5
신비한 동물사전,영국 특유의 판타지소설의 개성이 살아 숨쉬는 작품
신비한 동물사전,1편은 괜찮았지.... 근데 왜 갈수록 ㅠㅠ
신비한 동물사전,<해리포터> 세계를 다시 보는 감격.
신비한 동물사전,존재만으로도 행복하다
신비한 동물사전,해리포터 세계의 확장이라는 사실만으로 별 한 개는 깔고 시작.
신비한 동물사전,조앤롤링을 상상력대장으로 인정합니다♥ 최고재밌당
"이재, 곧 죽습니다 part 1","회차가 뒤로 갈수록 더 재밌고, 출연 배우들이 연기력만으로도 어느 정도의 재미가 보장된다."
"이재, 곧 죽습니다 part 1",하감독님 좀 변태시네요
"이재, 곧 죽습니다 part 1","역대급 스케일, 스토리, 라인업! 떡밥 찾으면서 볼 생각에 설레요!"
"이재, 곧 죽습니다 part 1",배우 라인업도 보는 맛 있고 장르가 계속 바뀌는게 재밌네요 회차마다
"이재, 곧 죽습니다 part 1",아 진짜 서인국배우 미쳤어요.. 무에서 유를 창조한느낌
"이재, 곧 죽습니다 part 1",서인국 연기 진짜 잘하고 연출 대본 탄탄함 씨지도 좋아요
"이재, 곧 죽습니다 part 1",시간순삭 연출 좋고 이야기 전개 스피디함 주연배우 서인국 시작으로 배우들 연기 굳
"이재, 곧 죽습니다 part 1",서인국 박소담 주연 드라마이고 시놉이 독특해서 관심갖고 있다가 공개되자마자 봤는데 역시 굿굿! 서인국 최이재 넘짠하고 등장인물들마다 다양한 이야기가 있어서 눈을 뗄수없었다 강추!
"이재, 곧 죽습니다 part 1",미친 드라마 서인국 연기 대박
"이재, 곧 죽습니다 part 1",파트 1 이렇게 끝내고 1월5일까지 어찌 기다리나요ㅠㅠ서인국 나올때마다 진짜 맴찢 눈물 겨우 참다가 엔딩 오스트에서 오열 이재야 행복하자
"이재, 곧 죽습니다 part 1",드라마도 명작이고 서인국 그리고 모든 배우들의 합이 최고였던 드라마ㅎㅎ 자살방지 드라마 ~^^
"이재, 곧 죽습니다 part 1",출연진이 화려하다 무엇보다 웹툰과 굉장히 비슷하고 캐릭터설정이 너무 좋다! 죽음에 대해서 다시한번 생각해보게되고 여러사람의 인생(?)도 엿볼 수 있는 드라마
"이재, 곧 죽습니다 part 1",오랜만에 흥미진진하게 볼만한 드라마를 본 기분 죽는몸에 들어간다는 설정으로 여러 케릭터를 통해 다양한 장르를 즐길수있고 그들이 서로 연관되기까지 제대로 웰메이드 파트2 기대중
"이재, 곧 죽습니다 part 1",이 캐스팅들이 다 가능하다고요? 대박입니다. 연기도 대박이고 서인국은 정말 이재 판박이!! 너무 재미있게 정주행했어요!!
"이재, 곧 죽습니다 part 1",연기자들의 연기 구멍 1도 없는 드라마 연출도 대박
"이재, 곧 죽습니다 part 1",기대보다 너무 재밌게 각색된거 같아요. 시즌2 너무 기대되는게 서인국 박소담 이도현 고윤정 배우들 합도 좋고 연기 너무 좋네요. 2023년 후반기 한국 드라마 중 탑이라고 봅니다.
"이재, 곧 죽습니다 part 1",뒤로 갈수록 점점 더 몰입되는!! 전달하고자 하는 메세지가 너무 좋았다!!
"이재, 곧 죽습니다 part 1",좀 잔인해서 제대로 못 봤지만 천재적인 감각을 가지고 있는 분의 시나리오인 것만은 확실해요.
"이재, 곧 죽습니다 part 1",다음 화가 궁금해지는 미친 전개!
"이재, 곧 죽습니다 part 1","<지옥>의 모습이 보였으나, 진행되면서 점점 죽음+하병훈감독의 전작들이 보인다"
"이재, 곧 죽습니다 part 1",간만에 흥미로우면서 역동적인 스토리 전개 속에 캐릭터의 변화 과정 속에 다음 이야기가 궁금하게 만들었던
"이재, 곧 죽습니다 part 1",너무 재밌어요 심장이 막 벌렁거리네요 연기 대본 연출 빠지는거 하나 없고요 대박작품 나온거 같습니다 파트 2 기다리기 넘 힘들거 같아요
"이재, 곧 죽습니다 part 1",미친 드라마 연출 연기력 스토리 다 미쳤다 올해 최고의 드라마 아니 인생 드라마 등극
"이재, 곧 죽습니다 part 1",시간가는줄모르고 4화까지 봤네요 모든배우들 연기구멍하나없이 완벽합니다 빨리 파트2 보고싶어요
"이재, 곧 죽습니다 part 1",재미잇으면서 가슴이 먹먹하네요
"이재, 곧 죽습니다 part 1",서인국과 박소담미 극의 중심을 잘 잡고 특출 나오는 에피도 다양한 장르라 넘 잼납니다
"이재, 곧 죽습니다 part 1",죽음이라는 구원 탈출구 혹은 잔혹한 형벌
"이재, 곧 죽습니다 part 1",하감독님의 숨겨온 비기를 확인할 수 있던 작품!
"이재, 곧 죽습니다 part 1",볼 거 없어서 가볍게 보기 시작했는데 주인공의 상황에 공감되서 집중해서 보다 보니 울고 있는 나 자신을 발견함 판타지 안좋아하는데 사회이슈도 자연스럽게 들어가 있어서 몰입도 있음
"이재, 곧 죽습니다 part 1",이재의 각 죽음마다 어떤 방법으로 죽을지도 궁금해지고 다음 스토리가 기대되는 작품이다. ost도 스토리와 잘 어울려서 더욱 몰입해서 봤다.
"이재, 곧 죽습니다 part 1","이 페이스대로만 쭉 간다면, 올해 K-시리즈의 또 다른 발견이 될 것 같기도…."
"이재, 곧 죽습니다 part 1",서인국 연기 넘 잘하고 재밌어요
"이재, 곧 죽습니다 part 1",완전 짱입니다. 배우진 연기가 ㄷㄷㄷ 이재본 연기보고 눈물이 ㅠㅜ
"이재, 곧 죽습니다 part 1",너무 재밌어요 1월5일 빨리 왔음 좋겠어요
"이재, 곧 죽습니다 part 1",정말 기대이상의 드라마가 탄생한 것 같아요 1~4화까지 사람이 느낄 수 있는 대부분의 감정이 담겨있는것 같아요 파트2. 너무 기대됩니다
"이재, 곧 죽습니다 part 1",라인업에 혹하고 역시 잘하네 무릎을 탁침!!
"이재, 곧 죽습니다 part 1",너무 재밌네요. 감정이 고조되면서 4화에서 터지네요 다음 파트 기대합니다
"이재, 곧 죽습니다 part 1","일단 본것만 따지면, SF / 판타지 장르 드라마 중에선 <무빙> 다음."
"이재, 곧 죽습니다 part 1",너무 좋고 재밌습니다 작품의 완성도도 높아요!
"이재, 곧 죽습니다 part 1","인생 드라마, 누구나 꼭 한번쯤은 봐야함."
"이재, 곧 죽습니다 part 1",윈작은 모르지만 다양한 출연진들의 연기와 속도감 있는 전개로 몰입해서 봤다. 4화는 왜 이렇게 슬픈지ㅠ😭 아무리 삶이 힘들때가 있더라도 절대 죽음을 생각하지 말아야겠다.
"이재, 곧 죽습니다 part 1",파트2를 볼 수 밖에 없게 만드는 엔딩
"이재, 곧 죽습니다 part 1",또보고 또봐도 재밌음!!! 강추!! 시간순삭.
"이재, 곧 죽습니다 part 1",하병훈 감독님 작품은 믿고 봅니다. 2023년 본 드라마중 최고 재밌습니다. 무엇보다 시간 가는 줄 모르고 4회 다 봤습니다. 시간순삭!!!!! 1.5 기다리기 힘듭니다.
"이재, 곧 죽습니다 part 1",엔딩이 기대된다. 해피엔딩이 아니더라도 좋은 작품일듯.
"이재, 곧 죽습니다 part 1",너무 재밌어서 파트2가 기대돼요. 서인국 씨 연기가 너무 좋아요. 보다가 눈물도 많이 나요.
"이재, 곧 죽습니다 part 1",시간 가는줄 모르고.. 4편 연속 순삭이네요 특히 4화 넘 가슴 아프고 슬퍼서 ㅠ 파트2는 더 잼나다하니 1월5일 기대합니다
"이재, 곧 죽습니다 part 1","2023 하반기 드라마 중 원탑. 각본, 연출, 연기, CG 모두 완벽한 수작. 한 편의 옴니버스 영화를 보듯 몰입하게 만든다. 자연스레 파트 2에 대한 기대감도 잔뜩.."
"이재, 곧 죽습니다 part 1",아주 볼만합니다. 한편한편 영화같아요
"이재, 곧 죽습니다 part 1",웹툰과 조금 세세한 부분을 다르게 각색하였지만 전혀 괴리감 없이 잘 만든 작품
서부 전선 이상 없다,늙은이가 전쟁을 일으키고 젊은이가 피 흘린다. 전쟁은 결국 의미없는 희생일 뿐이다.
서부 전선 이상 없다,세상에서 가장 긴 15분. 무의미한 의미.
서부 전선 이상 없다,"최근 영국, 독일 등 국가들이 제1차 세계대전을 반복적으로 영화화하는 이유. 전쟁이 주는 '스펙타클' 대신 '잔인한 현실'을 보여주기 위해서."
서부 전선 이상 없다,개에게 고기를 던저 줄 때 깊은 빡침을 느꼈다
서부 전선 이상 없다,수백 명의 젊은이들이 무의미하게 죽어나간 지극히 평범한 하루.
서부 전선 이상 없다,전쟁은 그런 것이고 우리는 이렇게 살아간다.
서부 전선 이상 없다,가장 잔인하진 않지만 가장 참혹한 전쟁영화
서부 전선 이상 없다,안타깝다 너무나. 과하게 몰입을 할 수 밖에 없어 맘이 너무 아프다
서부 전선 이상 없다,1차 세계대전의 상황과 전쟁의 진짜 모습을 적나라하게 다수의 캐릭터를 활용해서 상황 묘사와 사람의 두려움 무서움 고통 슬픔을 잘 나타냄
서부 전선 이상 없다,세 편의 <서부 전선 이상 없다>
서부 전선 이상 없다,영화속에서도 느껴지는 전쟁의 공기.
서부 전선 이상 없다,"""개에게 뼈다귀를 던져주면 뼈다귀를 물어뜯지. 인간에게 권력을 주면 그 인간은 짐승이 돼."""
서부 전선 이상 없다,전쟁의 잔인함과 허무함
서부 전선 이상 없다,"미친 듯이 돌아가는 쓸모없는 기계 속에서, 갈려나가고 교체되는 무수한 부품들"
서부 전선 이상 없다,"이미 몇 차례 만들어진 이야기가 다시 만들어지는 건, 이 건조하고 차가운 화법으로 전쟁이 계속해서 이야기되는 건 현장에서 겪는 공포와 비극이 어느 진영에서든 일어나는 실제이기 때문"
서부 전선 이상 없다,전쟁은 결국 하는원인 죽음의이유가 잊혀지는 지옥
서부 전선 이상 없다,전쟁 속에 지루함과 두려움 배고픔 그 것만 빼면 이상 없다.
서부 전선 이상 없다,서부 전선은 항상 이상 없었다. 그곳의 사람들만 이상 있을 뿐...
서부 전선 이상 없다,.
서부 전선 이상 없다,오랫동안 기억될 불쾌감
서부 전선 이상 없다,"서부전선엔 이상이 있다, 분명히."
서부 전선 이상 없다,"처음 군복 재활용씬 부터 1차 대전의 막장성이 느껴지더니, 애국심이 가득했던 주인공이 점점 마음이 갉혀 사라지는 모습이 진짜 숨막히게 함."
서부 전선 이상 없다,전쟁의 참옥함을 현장에서 느꼈다
서부 전선 이상 없다,"한없이 처절한 비명으로 가득한 서부 전선, 이상 있다."
서부 전선 이상 없다,뻔하고 지루함. 무거운 음악. 무슨 의미를 부여하려 애씀.
서부 전선 이상 없다,욕심에 덧없이 스러져가는 생명들
서부 전선 이상 없다,군인에게 명예와 존엄성을 이야기하지만 이들은 물건처럼 소비된다
서부 전선 이상 없다,오로지 참상에만 초점을 맞춘
서부 전선 이상 없다,전쟁의 무의미함을 강력하게 보여준다. 파울이 잠든 그날의 서부 전선은 이상이 없었다. 오늘날 모든 전선들이 이상이 없기를.
서부 전선 이상 없다,전체주의의 참혹함 속에서의 인간의 근본적 감정과 파괴의 말로
서부 전선 이상 없다,윗선의 탐욕이 밑을 짓밟는다
서부 전선 이상 없다,아름답다. 역설적이게도
서부 전선 이상 없다,반어적인 제목만큼 전쟁은 이상하고 언제나 비극적이다.
서부 전선 이상 없다,"그저 전진할 수밖에 없는 체스판의 폰들. 스러져간 1,700만 편의 이야기들."
서부 전선 이상 없다,왜 인간은 서로에게 총부리를 겨누는가?
서부 전선 이상 없다,전쟁의 잔혹함과 허무함을 너무나도 잘보여준 작품 무능력하고 이기적인 늙은 권력자의 욕심에 수많은 젊은 병사들만 무의미하게 피흘리며 죽었다
서부 전선 이상 없다,결국 전쟁은 마지막까지 변하지 않는다.
서부 전선 이상 없다,평화로운 전쟁도 명예로운 죽음도 없다. 가진 자의 탐욕과 평범한 이들의 생존 뿐이다.
서부 전선 이상 없다,서부전성이상이 너무 많다. 너무 많아서 감당하기 힘들만큼
서부 전선 이상 없다,전쟁의 비참함을 잘 보여준다 <더 포가튼 배틀>이상의 공포를 보여준다
서부 전선 이상 없다,"전쟁에 해피엔딩이 어디있겠는가, 남은 건 고요한 참상뿐"
서부 전선 이상 없다,끊임없이 대물림되며 이어지는 죽음의 굴레를 넘어 앞으로.
서부 전선 이상 없다,끝없는 폭력의 연쇄
서부 전선 이상 없다,2차세계 대전을 전쟁 최초 발발국의 시점에서 보여주는 독창적인 영화이다. 이들도 살기위해 다른이들을 죽이고 그자들도 살기위해 이들을 죽인다. 먹이사슬은 어쩔수없는 자연의 섭리이다.
서부 전선 이상 없다,정해져 있지만 따르기 힘든 그걸 해낸 정석적 '전쟁영화'
서부 전선 이상 없다,패전가해국 병사를 내세워 전쟁의 허무함을 논하기엔 과도한 시각적 청각적 자극이 스스로의 퀄을 떨어뜨린다. 반복되는 3음 코드음악은 전쟁액션 장르에서나 쓸법하다.
서부 전선 이상 없다,"멋있어보였던 외면, 그 속의 참혹함과 무력함"
서부 전선 이상 없다,1차 세계대전은 독가스 위주의 전투가 많고 협상으로 지지부진한 기간이 많아 드라마로서의 볼거리나 스토리리가 약했는데 이 영화는 두개 모두를 잘 표현한 수작입니다.
서부 전선 이상 없다,전쟁영화 본거중 하나
서부 전선 이상 없다,마지막 지휘관의 대사가 초리얼리즘 소름이 돋는다
범죄도시 2,마동석 주먹에서 총소리 남ㅋㅋㅋ
범죄도시 2,"마동석의 주먹, 그 주먹에서 나오는 미사일 소리, 그걸 보고 웃는 관객을 보니 그게 시네마다."
범죄도시 2,갠적으론 범죄도시 시리즈중 젤 잼나게 본 편. 4화 기대됨
범죄도시 2,니가 강해상이냐? 아뇨. 구씬데요?
범죄도시 2,사운드를 활용한 타격감의 쾌감.
범죄도시 2,마동석 배우의 주먹에 맞으면 어떤 기분일까 손석구 배우의 표정에서 피비린내가 나는듯한 영화
범죄도시 2,지난 시리즈와는 다르게 유쾌하면서도 흥미진진한 진행을 이끌어준 영화.
범죄도시 2,손석구 배우님의 재발견 너 납치된거야
범죄도시 2,타격감 좋고! 개그 타율 좋고! 8편까지 기획되었다던데 마석도 캐릭터와 개성있는 빌런만 쭉 나와주면 88편까지 나와도 재밌을 것 같다.
범죄도시 2,"22-011 정의를 구현하는 주인공이 악역을 만나는 것이 긴장되지 않는데에서 오는 통쾌함이라는 미덕을 잘 살리면서도, 이외의 인물들을 통해 긴장감을 끌어낸다. 유머가 정말 재밌었다"
범죄도시 2,마동석을 상대하려면 이렇게 해야지!
범죄도시 2,범죄도시1 장첸에게 안밀리는 악역
범죄도시 2,"못 만든 영화는 아니지만, 모든 면에서 1편의 하위호환 같다."
범죄도시 2,전편의 매력을 유지하면서도 유의미한 업그레이드도 성공적으로 이뤄낸다.
범죄도시 2,좋아오오요 오오오오오
범죄도시 2,"1이 너무 강렬해서 걱정이 많았는데, 걱정이 무색하게 역시 재밌다..!"
범죄도시 2,범죄도시 시리즈 첫번째 첫만 달성. 진실의 방 주인장 마동석과 잔혹한 눈빛의 빌런 강해상 손석구의 등장. 둘이 만나기전엔 강해상이 무서웠는데 둘이 만나고 나서는 그저 강해상이 불쌍
범죄도시 2,최소한의 감정 미동도 없이 완전한 살의로 가득한 싸이코패스를 최대로 연기한 범도 시리즈 최고의 빌런
범죄도시 2,김치찌개 맛집 시즌 1보다 더 푹 고아져서 개인적으로 4개의 김치찌개 중에 제일 맛있었다
범죄도시 2,말이 필요없는 너무재밌는 오락 액션
범죄도시 2,추격전에서 악역의 달리기에 겁나 무서워보기는 처음임. 손석구배우가 연기다운 연기를 해낸 작품.
범죄도시 2,별로인데 재미있다. 식상한데 재미있다. 또 마동석인데 재미있다.
범죄도시 2,대사나 액션의 재미는 있으나 빌런 자체가 약함
범죄도시 2,"주먹이 곧 재미, 배우가 곧 재미"
범죄도시 2,"타격감, 액션, 코미디 모든게 잘 버무려진 마동석식 액션"
범죄도시 2,이정도 스토리와 액션이면 충분하지
범죄도시 2,분명 손석구가 더 센데 난 윤계상이 더 기억에 남는다
범죄도시 2,MCU(마동석 시네마틱 유니버스)의 진가를 보여주는 영화. 범죄는 오싹하고 추격전은 스릴 넘치며 액션은 폭발적이다. 마동석 특유의 유머는 덤.
범죄도시 2,마동석 마동석..
범죄도시 2,장첸을 뛰어넘는 강해상을 뛰어넘는 마석도.
범죄도시 2,그만 때려요 너무 불쌍해 보이잖아요ㅜ
범죄도시 2,시리즈화 되어야 하는 확실한 답안.
범죄도시 2,"가장 잘하는 걸 살리되, 안정성을 추구한 MCU(마동석 시네마틱 유니버스)"
범죄도시 2,범죄도시 1편의 순한맛 느낌. 개그코드도 꽤 괜찮게 스며들어서 이런 식이면 질릴때까지는 쭉 시리즈로 계속 개봉해도 될 듯. 영화 시간 내내 전혀 걱정되지 않는 주인공 ㅋㅋ
범죄도시 2,마동석의 괴력과 손석구의 저력
범죄도시 2,시리즈의 확장을 위한 교두보.
범죄도시 2,"옷만 바꿔입은 1편의 돌림노래지만, 기대한 것들은 전부 담겨있다."
범죄도시 2,"관람 등급과 함께, 1편의 매력도 내려갔다."
범죄도시 2,단순히 재미만으로 본다면 상타. 관객들이 좋아하는 포인트를 잘 이용하여 지루할 틈이 없다. 역시 마동석은 마석도일때가 가장 매력적이다.
범죄도시 2,갠적으로 2가 제일 보기 힘들었음 잔인해
범죄도시 2,모든 것을 커버하는 마동석의 액션 한 방 쇼.
범죄도시 2,전편이 올려놓은 기대치를 꽤 많이 해소는 시켜준 작품
범죄도시 2,이준혁 어떡하냐
범죄도시 2,강해상이 귀엽고 섹시해 보일 줄이야!!!
범죄도시 2,시리즈 다 영화관 가서 봄 악당들 보는 재미가 있죠 ㅎㅎㅎ
범죄도시 2,"1편을 넘지는 못했지만, 부족하진 않았다"
범죄도시 2,노잼 너 노잼인거야
범죄도시 2,원펀맨은 못말려
범죄도시 2,⭐
범죄도시 2,킬링타임용 영화
의사요한,"그냥 환자와 의사를 넘어서 타인에 대한 고통, 아니 사람을 이해하는 법을 보여주는 드라마."
의사요한,개재밌다 이 한마디로 설명 가능한 드라마
의사요한,의학드라마 좋아해서 봤는데 역시나 재밌네요 그냥 누무 감동적인 드라마입니다…
의사요한,"조금 다른 결의 메디컬드라마. 지성 배우의 캐릭터가 신선했다. 통증도 살기 위해 꼭 필요한 것이었음을, 생각해 본적이 없었다. 몸도 마음도 치유의 시작은 통증을 느끼는것 부터였다."
의사요한,"용두사미 메디컬 드라마인 줄 알있으나 지상파 방송이다보니 메디컬 ""로맨스"" 드라마였다."
의사요한,갑분멜로만 아니였다면 더 좋았겠지만 내 삶의 끝을 생각해보게 한다
의사요한,좋아하는 배우들과 좋아하는 스토리?
