titles,reviews
밀양,"많은 지면을 통해서 떠들썩한 <밀양>이다. 칸느영화제에 출품된 이 영화는 어제 칸에서 언론 시사가 있었고, 분위기도 좋은 걸로 봐서는 무슨 상이라도 하나 탈것 같은 분위기다. 나 역시 이창동 감독의 거의 맹목적인 지지자로서 호들갑스럽게 오늘 밤까지 인터넷으로 칸에서의 <밀양>소식을 찾았지만 아직 구체적인 통신은 나와있지 않은 상태다.

<밀양>에 대한 전반적인 반응은 여배우 전도연의 일생일대의 연기를 찬양하는 것이다. 전도연이란 배우는 한국영화에서 아주 중요한 역활을 하고 있는 배우이고, 물론 연기는 대한민국에서 손가락에 꼽을 정도다. 그런 그 녀가 이번에는 그 틀을 넘어서 새로운 연기의 세계를 보여준다는 식의 찬양 일색이였고, 나 역시 여배우 전도연을 좋아했고, 그녀의 연기도 좋아하던 터라, 아주 기쁜 마음이였다.

일절하고 며칠 전부터 보고 싶어 개봉날만 손꼽아 기다렸던 나는 이창동의 새 영화 <밀양>을 개봉날 첫회를 봤다. 내 성격 자체가 좋은 것이 있으면 호들갑을 떨면서 주위 사람들에게 침이 마르도록 칭찬하면서 권하는 스타일이다. 그래서 <우리학교>도 온갖 블로그를 돌아다니면서 침을 튀겼고. 이 영화 <밀양> 역시 개봉전부터 각종 언론에서의 반응도 기대 이상이였고, 나는 보지 않고도 배 부른것 같은 심정에 많은 사람들에게 침을 튀겼다.

이창동의 네번째 영화 <밀양>은 전작들 보다 훨씬 성숙됐고, 훨씬 문학적이다. <밀양>을 보고 있으면 정말 깊이 있는 소설을 읽는 기분이다. 그 기분이란, 아무리 재미있고, 잘 만들어진 영화라도 원작을 능가하는 영화는 거의 찾아 볼 수 없는데, <밀양>은 그런 원작 소설 같다. 아직 영화로 채 만들어 지지 않은 문학적으로 집대성된 소설.

신애는 종찬에게 속물이라고 거침없이 말하지만 사실 신애야 말로 속물이다. 그녀는 이런 '촌구석' 밀양에 온 이유는 단지 남편의 고향이라는 이유에서 이다. 그런 이유가 아니라면 이런 촌구석에는 올 일이 없는 신애다. 인테리어 라고는 하나도 신경쓰지 않는, 그래서 장사가 뭔지도 모르고, 장사 보다는 하루종일 동네 촌 아줌마들을 모아놓고 떠는 수다가 더 중요한 양장점 주인과는 다른 럭셔리한 피아노 학원 원장님 이시다. 아니 그렇게 믿고 싶다. 이곳 밀양에 사는 사람들이 하는 말은 모두가 들을 가치도 없는 말들이다. 교회를 다니라고 떠드는 약국 아줌마도 그렇고, 자꾸 치근덕 대는 종찬의 말들도 그녀에게는 아무것도 들리지 않는다. 단지 그녀가 필요 할때 손만 뻗으면 언제든지 자신을 반길거라고 믿어 의심치 않는다. ""밀양이 어떤 곳인가요?'하고 묻는 신애의 말은 ""밀양같은 촌구석에 오기 싫었어요"" 하는 말처럼 들린다.

<밀양>에 나오는 모든 배우들의 연기는 최고이고, 그 중 송강호의 연기는 보석 같다. 신애가 말하는, 사람보다 그 사람의 직업이 더 중요하고, 차를 마시는 것 보다 찻집 아가씨의 속옷 색깔이 더 궁금한, 속물 같아 보이면서도 신애만 사랑하는 종찬은 우리 주위에서 가장 쉽게 볼수 있는 모습이다. <오아시스>에서 동생의 장애를 담보로 아파트를 얻는 오빠나, 가끔 밥만 챙겨주고 20만원을 챙기면서, 택시기사 남편과 오후의 뜨거운 시간을 보낼 수 있는 곳으로 장애인 혼자 살고 있는 아파트를 이용하는 옆집 부부 내외처럼, 종찬은 우리들 주위에서 흔히 볼 수 있는, 혹은 내 모습 같아서 욕할 수도, 부정할 수 도 없는 모습을 아무 꺼리낌 없이 보여준다. 전도연이 신애를 아무리 잘 연기 했다 해도, 나는 종찬을 연기한 송강호에 비할 수 없다고 생각한다. 송강호는 그 정도로 빛난다.

<밀양>은 척박한 밑바닥까지 다 다른 사람들에게 손을 내미는 영화다. 누군가가 필요 할때 아무 꺼리낌 없이 전화를 걸어 내 얘기를 아무 말 없이 모두 들어줄수 있는 절친한 친구같은. 종찬 같은.

<밀양>은 이창동 감독의 전작들 처럼 다가오지 않아서 놀랬다. 나는 이미 극장에 들어서기 전부터 충격적인 감동 정도를 받을 생각에 의자에 몸을 묻었고, 영화는 140분을 넘기면서도 계속 자리에 앉아 있었다. 꽤 긴 시간이였는데 지루하다는 생각이 들기 전에, 전작들에서 처럼 깊이 느껴지지가 않았을까 하는 생각이 먼저 들었다. 그래서 <밀양>은 다시한번 봐야 될 것 같다. 신애도, 종찬도, 밀양도, 두번째 볼 수 있는 날은 또 다른 모습으로 나에게 조금더 다가 올 것이다. 어쨌든 이창동이 참 좋다. 송강호가 참 좋다. 나는 <밀양>이 참 좋다.



27일이면 깐느영화제가 폐막되고 결과가 나오겠지만, 나는 전도연의 여우주연상 보다, <밀양>의 황금종려상 보다, 이창동의 감독상 보다, 송강호가 남우주연상을 받기를 더 소망한다. 인생작 중 한편. 전도연은 그냥 미쳤다. 이 공간 속에 인간보다 한참 더 큰 존재가 있어서 세상의 모든 죄를 사하고 정말로 그것들이 섬멸한다면, 우리는 기꺼이 그를 신이라 부르고 섬길 수 있을까? 인간을 구원하는건 가식적인 믿음보다 한 사람이 주는 사랑 종교로도 해결되지 않는 인간의 어둡고 깊은 심리. 결국 의지할 곳은 옆에 있는 사람뿐. 너무나도 손쉬운 구원과 너무나도 질기고 구체적인 파멸. 이해할 수 없는 절대자를 인간은 어째서 이해하고자 하는가."
더 킬러,"플랫폼 노동자로서의 킬러
알렉시스 놀렌트의 그래픽 노블을 원작 삼은 영화로, 이름 없는(혹은 아주 많은) 어느 킬러(마이클 패스벤더)의 이야기를 다룬다. 파리에서 암살 임무를 맡은 킬러가, 결과적으로 암살에 실패한 뒤 역으로 타겟이 된다는 이야기를 담고 있다. 흥미롭게도 영화가 시작하자마자 몰아치는 오프닝 크레딧, 킬러의 활동을 잘게 나누어 담아낸 화면이 지나간 뒤 처음 등장한 장소는 망한 WeWork다. 킬러의 내레이션 중엔 과거에는 에어비앤비를 애용했다는 언급이 등장한다. 혹자는 핀처 스타일의 <드라이브> 같다는 이야기를 하기도 하지만, 내가 <더 킬러>를 보며 떠올린 것은 <서치 2>다. 스크린라이프(screen life) 형식으로 진행되는 <서치 2>에서 사라진 엄마를 찾던 주인공은 심부름 플랫폼을 통해 먼 타국에 있는 엄마를 찾기 시작한다. 이 행위의 유일한 제약은 주인공의 지갑 사정뿐이다. <더 킬러>의 킬러는 부자다. 그에게 플랫폼을 이용하는 것의 제약은 없다. 킬러이기에 다양한 가짜 신분을 지녔다는 지점 또한 그에게 자유를 준다. 그가 렌터카를 빌리거나 비행기를 탈 때마다 변화하는 이름은 그에게 막대한 자유를 부여한다.


그는 활동의 모든 면에서 플랫폼을 이용한다. 에어비앤비, 항공사, 렌터카, 창고대여, 구독형 헬스장, 아마존, 우버이츠. 생각해 보면 무수한 창작물 속 히트맨들은 노동자로 변장해 왔다. 청소부, 간호사, 공사장 인부, 공연장 스태프. <더 킬러>는 플랫폼 노동의 흐름 속에 킬러의 암살 노동(?)을 기입한다. 플랫폼 노동자는 다른 플랫폼에 자신의 생활을 위탁한다. 배달노동자는 노동을 위해 공유 자전거를 대여하고, 시간이 날 때는 에어비앤비를 빌려 여행을 가며, 생필품은 또 다른 배달플랫폼을 이용한다. 우리의 킬러는? 킬러가 고용되는 체계 또한 일종의 플랫폼이다. 심지어 클라이언트는 가상화폐로 돈을 버는 투자자다. 파리에서 도미니카로, 다시 뉴올리언스, 플로리다, 뉴욕, 시카고로, 킬러는 전 지구적인 플랫폼의 그물망을 타고 다니는 거미임과 동시에, 그 또한 그물망의 한 코를 담당한다.


그러한 지점에서 <더 킬러>는 한 번의 실수로 ‘쉬운 해고’를 당한 플랫폼 노동자의 투쟁기나 다름없다. 물론 그의 사정은 대부분의 플랫폼 노동자와 다르다. 여러 이름을 오가며 자신의 진짜 정체를 숨기고(마지막까지 그의 이름은 나오지 않는다), 암살로 쌓은 부를 통해 사용할 수 있는 모든 플랫폼을 자유로이 활용한다. 하지만 그의 ‘복수’는, 비록 온전히 그의 방식을 통한 것이지만, 무수한 플랫폼을 오감으로써 가능하다는 지점에서 흥미롭다. 심지어 핀처는 WeWork의 로고를 프레임 가득히 보여주거나, 킬러가 아마존을 이용하는 장면에선 스마트폰 화면을 CGI로 영화에 삽입하기도 한다. ‘플랫폼’은 이 영화에서 걸러낼 수 없는 무언가다. 핀처가 <소셜 네트워크>에서 그 출발점을 그려낸 세계가 <더 킬러>의 세계에 당도했다."
곤지암,"예술의 윤리
이미 유명한 특정 괴담을 활용해서 살인마나 귀신같은 대상이나 이야기가 아닌 '장소' 자체를 공포의 대상으로 삼는다. 그러니까 배경설정의 설명은 상당부분 스크린 밖의 괴담에 외주를 맡겨 빠르게 훑고 넘어가며, 영화는 장소 자체의 탐구와 그 속의 인물들에 집중한다.
파운드푸티지에서 이렇게 다양한 촬영과 연출의 당위성을 부여하고, 각각의 캐릭터성을 빠르게 빌딩하는건 꽤나 괜찮게 느껴진다. 특히 중후반부에 몰아치는 공포연출의 쪼으는 맛도 볼만하다.

다만 실제로 존재하는 특정한 개인사유지에 아예 허구의 역사를 창조해 덧씌워놓고 제멋대로 활용한다는 점에서 예술의 소재와 윤리에 대해 생각해볼만하다.
(영화에서는 곤지암 남영정신병원이 1961~1979년동안 운영하고 원장의 살인과 자살로 폐업했다고 나오지만, 실제로는 1992~1996년동안 운영하였으며 상수도법 관련으로 폐업하였다)

이 영화가 <그레이브 인카운터>를 표절했다는 지적을 받고있다는 사실에 있어서도 더더욱 그러하다.
(다만 나는 해당영화를 본적이 없어 판단 유보) 리얼한 현장감으로 관객들과 인물들의 공포감이 혼연일체! 어쩌면 공포가 아니라 설정으로 말하고 싶은 영화 고프로를 활용한 촬영으로 몰입감 업"
레이니 데이 인 뉴욕,"예쁘지만 다가오진 않았던 레이니 데이 인 뉴욕
딱 우디앨런의 뻔한 영화들. 도시의 아름다움과 삼각관계. 물론 카페 소사이어티보다는 낫지만 카페소사이어티와 미드나잇 인 파리의 중간. 그 이상도 이하도 아닌 한번 보고 기억안날 레이니 데이 인 뉴욕

영상이 우디앨런의 영화답게 예쁘고 도시의 분위기를 잘 살렸기 때문에 영상미를 원하고 엘르패닝과 티모시살라메의 팬이라면 볼만한 가치가 있겠다.

그러나 영상 말고 어떠한 메시지를 남기고 싶었는지에 대해서는 조금 의문이다.

내용은 재즈를 사랑하는 개츠비, 영화에 빠진 애슐리, 낭만을 꿈꾸는 애슐리. 봄비내리는 뉴욕에서의 로맨틱한 하루를 그리고 있는 영화.

풋풋하긴 하지만 이전의 감독의 영화에 나왔던 로맨스들에 비하면 가벼운 첫사랑 같은 느낌. 뉴욕을 배경으로 하고 있는 라스트 러브 인 뉴욕이나 뉴욕 아이 러브유, 브룩클린이 내게는 좀 더 뉴욕으로 다가왔기에 프리미어 상영굿즈인 포토북만을 내게 남긴 레이니 데이 인 뉴욕
리뷰 전문 보기 비에 씻겨 내려간 로맨틱과 낭만 가볍게 보기에 좋은 영화👍🏻 영원한 사랑은 없다 영원할꺼라고 생각하고 거만해지면 결국 잃게된다 1시간 반만에 이 판타지같은 로맨스 썰을 맛깔나게 푼 우디앨런이 참 대단하다 일산화탄소마저 사랑스런 도시에서 무엇을 한들. 재즈 선율과 낭만적 뉴욕을 무기로 설득한 운명적 해프닝. 어느 한 캐릭터에도 감정이입하기 쉽지 않은 청춘의 군상들. 지나고 보니 곧 느끼게 될 후회와 부끄러움이 그때는 왜 안 보였을까."
펀치 드렁크 러브,"폴 토마스 앤더슨의 ‘펀치드렁크러브’를 보고
- 로맨틱 코미디 껍질을 뒤집어쓴 실험적인 영화에 대해서

1. PTA의 ‘펀치드렁크러브’를 봤다. 그의 작품 세계에서 이 영화는 이상하지만, 또 어찌 보면 그의 직품세계 속 맥락이 닿아있는 독특한 작품이다. 주인공이 극중에서 보이는 ‘불안, 억압, 통제’등을 떠올리면 맥락이 비슷하다는 것이다. 나는 영화를 보며 PTA는 도대체 어떤 의도로 이 영화를 만들었는지 의문이 들었다. 그러다 위의 세 가지 키워드가 ‘사랑’과 만나면 어떻게 변할까에 대한 부분이 궁금해서는 아닐까라는 생각을 했다. 그래서 이 영화가 PTA의 세계에서 어떤 위치를 가질까 고민해 보기로 했다.

2. 이야기의 흐름은 이러하다. 여형제가 많아 불안하고 억눌린 캐릭터로 나오는 남자와 멀쩡한 여자. 둘이 만나 사랑한다. 그것이 끝이다. 그 안에 두 사람의 사랑을 방해하는 요소들이 등장한다. 지연요소라고 부르는 이것은 영화 속에 숨어 있다가 극을 흔들고 사라진다. 이 작품의 지연요소는 ① 누나들의 존재(혹은 전화) ②포르노사이트업체의 악당으로 볼 수 있다. 두 가지의 방해요소는 배리이건의 사랑을 가로막고, 그가 방해물을 뛰어넘을 때마다 그녀와의 사랑 혹은 만남에 더 근접해 진다.

3. 방해요소를 이겨낸 방법
3-1. 여자 형제들의 존재는 강력하다. 배리이건의 한마디에 그녀들이 한마디씩만 해도 모두 일곱 문장이다. 그렇게 평생을 살았을 것이다. 당연히 여자에 대한 두려움이 생겼을 것이고, 간섭을 받는 답답하고 억눌린 삶을 살고 있다. 첫 번째 시퀀스에서 론다 누나와 또 다른 누나의 전화가 오고, 뒤이어 여동생 엘리자베스가 찾아온다. 누나들과의 저녁모임에서 그는 환영받는 듯, 받지 못하는 듯 애매한 위치에 놓인다. 풍요속의 빈곤이다. 결국 그 외로움이 불안과 억압된 심리를 주인공 심리 속에 내재하게 된다. 결국 그는 가족모임에서 감정을 이기지 못하고 가족들이 모인 거실의 유리를 깨버린다. 이전에 그는 매형에게 조언을 구한다. 이 때 화면은 좁은 다용도실 중앙에 캐릭터들이 자리하고, 양옆에 짐이 놓여 어둡게 표현된다. 관객에게 배우가 갇힌 느낌을 줘 그의 상태, 심리를 표현하는 것이다. 추후 누나, 여동생대한 이 태도는 후반부에 누나에게 걸려온 전화를 먼저 끊는다던지, 하와이에서 전화로 여동생에게 격앙되게 소리를 높여 욕설과 함께 정보를 얻어내는 것으로 누이들이 주는 압박(방해요소)을 뛰어넘게 된다. 이런 행동을 하게 되는 계기는 다급한 상황과 레나에 대한 마음과 유일한 탈출구이라는 믿음 때문이었을 것이다.

3-2. 두 번째는 요소는 포르노 업체 악당이다. 그들은 배리가 통화한 그 다음 날부터 그를 압박하기 시작한다. 그로인해 배리의 불안이 증폭되고 쌓이게 된다. 그 후 배리는 악당에게 500달러를 뺏기게 되고 불안함속에 그는 하와이로 날아가 레나를 만난다. 그리고 사랑을 확인 한 후, 악당들에게 전화해 본인이 받은 협박을 되돌려준다. 이것의 대한 또 다른 반응으로 악당들은 하와이에서 돌아온 주인공 일행에게 위협을 가하게 된다. 이때 배리의 태도 변화의 폭이 크다. 첫 번째 폭력을 당할 때 속수무책이었지만, 레나와의 사랑을 확인한 후 먼저 엄포를 놓거나, 그들과 맞서 싸우기도 하며 심지어 ‘디앤디매트릭스맨’을 찾아가 “다 끝났다라고 말해.” 라고 객기를 부리기도 한다. 이런 일련의 흐름 후에 레나와 배리는 다시 사랑을 확인한다.


4. 감정의 표현
영화 초 중반 극중 남자주인공이 감정을 사물에 대응해 힘으로 표현하는 것이 자주 나타난다. ‘오르간’을 눌러 나는 소리 혹은 그 행위와 누나들과의 저녁식사 자리에서 창문을 깨는 행위, 레나와의 첫 데이트 때 레스토랑 화장실을 부시는 장면 등이 그것들이다. 이것은 일종의 억압된 혹은 불안한 것의 화냄, 그것으로 인한 부끄러움으로의 표현이다. 위와 같은 감정표현과 같은 맥락으로 이해되는 것이 포르노 업체로의 첫 발신 전화이다. 그 첫 전화는 ‘외로움’의 표현이다. 처음 그는 전화기 속 그녀에게 대화를 시도하는 했을 때, 전화는 집에서 시작된다. 통화를 할 때를 떠올리면 카메라가 배리를 잡는 방식이 독특하다는 것을 알 수 있다. 식탁에 앉은 배리를 중심으로 정중앙->왼쪽->오른쪽 순으로 카메라의 워킹이 시작된다. 우왕좌왕, 그의 심리를 표현한 것이라 생각된다. 이것은 배리가 극중 가장 많이 한 대사인 ‘I don’t know.’와 의미가 상통함을 카메라가 보여주는 부분이라 생각된다. 가만 생각해보면 극의 흐름의 중심에서 카메라 워킹이 괴상하다는 생각을 하게 된다.

5. 영화는 불친절하다. 레나와 배리이건이 서로를 좋아하게 되는 계기가 뚜렷하지 않다. 특히, 여성에게 불편함을 겪고 있는 이건의 경우 더 그러하다. 그래서 영화를 가만히 쳐다보니 푸딩(=마일리지)가 보였다. 첫 관람할 때 단순 맥거핀으로 여겼다. 그러다 푸딩이 레나로 치환된 것이라는 생각이 들었다. 두개의 흐름을 생각해 보자, 첫 번째 흐름이 이러하다. 이건은 더 이상 울고 싶어 하지 않는다. 우는 이유는 압박과 불안을 주는 누나들 때문이다. 누나들로 부터 벗어나야하는데 그 방법 중 배리가 끌린 방법은 푸딩을 통해 마일리지를 얻어 떠나는 것이었다. 두 번째 흐름은 이건이 레나와 데이트 할 때 일어난다. 레나는 배리에게 궁금한 것이 많다. 푸딩에 대해 묻자, 이건은 대답을 하고 레나가 자신을 이상하게 생각할 듯싶어, 그 민망함에 화장실을 부신다. 그리고 레스토랑에서 쫓겨난다. 차안에서 레나는 다시 이건에게 ‘오르간’에 대해 질문한다. 그녀는 그것이 이건의 것이 아니라는 것을 알고 있으며, 이것들에 대한 내용을 이상하게 생각하지 않는다. 그런 그녀를 보며 그는 그녀와 처음으로 긴장을 풀고 이야기를 나눈다. (그러나 그는 끝까지 여행은 가지 않는다고 이야기 한다.) 그는 극중 여성 캐릭터 중 유일하게 억압 불안을 느끼지 않게 된다. 두 가지의 흐름 중에서 압박, 불안에서 벗어날 수단으로 드러나는 것이 푸딩과 레나이다. 그리고 이 둘이 초중반(푸딩), 중후반(레나) 에서 배리를 이끌어가는 중요소재가 된다. 그리고 이 둘이 적절하게 역할을 다하고 변경되는 사이 이건의 ‘여행은 가지 않는다.’ 라는 원칙이 깨지고 레나를 찾아 첫 번째 비행기에 몸을 싣는다.

6. 실험적인 그 무엇인가를.
‘펀치드렁크러브’의 의미는 첫눈에 반한 사랑이라는 의미라고 감독이 인터뷰했다는 정보를 네이버 지식인에서 본적이 있다. ‘펀치드렁크’는 복싱 선수가 강력한 펀치를 맞고 뇌에 문제가 생긴 후 일어나는 증상이라고 이야기 들었다. 이렇게 이야기를 들으니 초반 악당에게 펀치를 맞고 바닥에 누운 이건의 클로즈업된 샷이 생각난다. 이 장면은 독특하다. 샷의 순서는 아래와 같다.
①악당 세 명의 등장을 먼 곳에서 화면가까이 인물을 세우며 등장시킨다. ② 배리는 악당에게 펀치를 맞고 (화면을 바라보는 관객기준) 왼쪽으로 눕게 된다. ③미로 같은 곳을 달리는 배리를 잡는다. ④ 배리는 (화면을 바라보는 관객기준) 오른쪽으로 도망치는 장면을 악당이 따라 잡아 엄포를 놓고 간다. 이 시퀀스는 그렇게 역동적일 필요가 없다. 우리는 이 영화가 로맨틱코미디라는 것을 알고 있기 때문이다. 나는 이런 것들이 감독이 본인의 영화에서 자주 등장하는 불안, 억압, 억제, 통제 등등의 키워드 안에 있으면서 카메라로 어디까지 본인의 영향이 관객에게 미치는지 실험한 것이란 생각이 들었다. 정답일지는 확실치 않다. 나는 감독도 배우도 아니니까, 그러나 이건 정확하게 알 것 같다. 이 영화는 폴 토마스 앤더슨의 실험적인 영화라는 것을 말이다. 앞서 이야기한 다수의 장면들도 그의 실험의 일부 인 듯 보인다.
그리고 영화 속에서 남녀 주인공의 색이 대립된다. 남자는 파란색, 여자는 붉은색, 흰색, 머리색 또한 다르다. 파란색 옷을 입은 그와 흰옷을 입은 그녀가 포옹할 때, 영화의 조명과 빛을 이용해 먼 곳에서 잡아 어둔 실루엣으로 표현된다. 이런 표현들은 감독이 생각하는 사랑이 아닐까. 시퀀스의 전환 시에 화면에 보이는 보랏빛 톤의 여러 색채들이 섞인 샷이 떠올려보자. 섞이거나 섞이지 않거나 그 자체로 여러 가지가 공존하고 뒤엉키는 게 사랑이라고 생각하는 듯 보였다.(실제로 시퀀스 종료 시 이 샷이 등장한다.) 그리고 이런 것들 또한 카메라로 보이는 그 무엇의 실험이었다고 생각한다.

7. 정말 이상한 영화다. 로맨틱코미디라고 가볍게 다가와 놓고서는 영화 속에서 온갖 일을 다 벌이고도 인물을 따뜻하게 바라보는 감독의 시선이 이질적이고 이상하게 느껴진다. 적어도 이 영화는 감독에게 쉬어가는 작품이라기보다는 그가 다루고 싶은 주제를 원형적 이야기 구조 속에 편입시켜보고 싶은 욕심에서 만들어졌을 것이란 생각이 들었다. 그리고 그런 와중에 카메라 워킹, 화면, 색채 등을 이용해서 변형을 꾀하기도 한다. 이런 것들을 보며 하나의 큰 테두리를 가진 자신의 세계 속에서 어떤 스펙트럼을 가지던 인장을 확실하게 찍어내는 그의 다음 작품이 궁금해 졌다. 영상미와 노래 이외엔 모든 것을 버려두고픈 분조장 남자의 듣고싶지 않은 이야기."
써니, 그 시절 학창시절을 햇빛처럼 빛내준 써니(sunny)를 다시 찾아가는 유쾌하면서 추억과 감성에 젖게하는 영화 내가 살던 시대가 아닌데도 느껴지는 감성. 7명의 친구들의 우정이 아름답고 눈물난다. 많은 등장인물에도 불구하고 각각의 캐릭터의 매력을 잘 살려냈다 내 추억이 주인공이 되었던 시간 누구나 돌아갈 수 없기에 아름다운 추억을 간직하고 있다. 복고와 신파를 버무린 불량식품 함께하면 시간도 공간도 그때로 돌아가는 친구라는 축복. 우리 모두는 누군가를 조명하는 조연이 아닌 자신 인생의 주연이다. 그시절 좋은일이 다가 아니였지만 찬란했다 여기며 흔들어 재낄 수 있는 청춘
식스 센스,"고립된 관계에 대하여
그러니까, 이건 고립된 관계에 대한 이야기다. 세상으로부터 단절 당한 두 명의 이방인이 서로의 상처를 보듬으며 조금씩 경계를 뚫고 나가는 이야기다. 충격적인 반전(反轉)으로 유명한 영화지만 조심스럽게 쌓아 올린 서사를 뒤집는 유형은 아니고, 텍스트를 다시 읽는 계기 정도로만 작동한다. 이 지점에서 말콤과 콜의 관계는 일방적인 것에서 상호적인 것으로 바뀐다. 말콤은 자신의 처지를 이해하고, 콜은 죽은 사람들을 똑바로 보기 시작한다.

좌절에 묶인 이들을 자유롭게 풀어 주는 건 결국 타인의 목소리다. 식스 센스의 결말은 대화의 의미를 다시 생각해 보게 만든다. 당시로서는 신인이었던 나이트 샤말란의 걸작이다.
리뷰 전문 보기 굳이 반전이 아니더라도 건질 게 참 많은 영화. 반전을 알고 다시 봐도 재미있다. 특히 꼬마 콜 역의 헤일리 조엘 오스먼트. 정말 연기 신동이었는데..."
현기증,"<론 서바이버> 포스팅을 하고 나서 보니 숫자가 999. 왠지 1,000번 째는 아무 영화나 올리면 안될 것만 같은 의무감이 밀려와 급하게 골라봤다. 가장 좋아하는 히치콕 영화냐고 묻는다면 글쎄, 조금 망설이지 않을까 싶지만 적어도 세 손가락 안에는 주저없이 놓을 수 있는 작품. 일반적인 그의 다른 영화들과 달리 전개의 템포가 느릿하고 시종 음울한 것이 특징이다. 영화 이론 책들에서는 주로 줌 아웃 트랙 인이나 타이틀 시퀀스의 기술적 요소를 설명할 때 이 영화를 동원하곤 하는데, 사실 그것들에 대한 사전 지식이 없는 상태에서 처음 <현기증>을 보았을 당시 가장 먼저 나를 사로잡았던 것은 버나드 허만의 음악이었다. Here with you 두근두근 이렇게 할 수 있었는데, 이렇게 하지 않았고. 그렇게 할 수 있었는데, 그렇게 하지 않았다."
하나 그리고 둘,"인생은 그렇게 흐른다.
영화의 시작은 결혼식이다. 정확히 따지면 생명의 시작이다. 아디의 부인인 샤오린에 배 속에는 영화가 끝날 때까지 이름이 없는 양양의 사촌 동생이 있다. 영화는 그 생명의 시작에서 시작된다. 그리고 영화의 마무리는 할머니의 장례식이다. 영화는 생명의 시작과 끝으로 이루어져 있다. 영화 전체가 인생 전체에 대해 말하는 것처럼.
영화에서 인생은 반복되어 있다. 양양에서 팅팅의 이야기, 그리고 NJ의 이야기는 반복이다. NJ는 셰리와 과거의 추억을 말한다. 그 추억 속 이야기는 NJ의 자녀인 팅팅과 양양의 현재와 비슷하다. 양양도 사랑인지는 모르지만 한 소녀를 바라보고 있다. 팅팅은 패티와 영화를 보고 횡단보도에서 손을 잡으며 함께 호텔에 간다. 그 모든 과정은 셰리와 NJ의 과거다. 그렇게 사람들의 인생은 반복되고 흐른다. 자신의 미련함을 말하고 과거에 대한 후회를 말하지만 그렇게 반복된다.
이토는 NJ에게 말한다. 하루하루 경험하지 미래는 두려워하지 않으면서 새로운 경험은 두려워한다고. 인생이 참 그러하다.
양양은 사진을 찍는다. 양양의 사진에는 사람들의 뒷통수가 담겨있다. 우리가 볼 수 없는 인생의 부분들을 사진에 담는다. 패티의 삼촌은 말했다. 영화를 통해서 인생을 세 배로 살 수 있다고. 우리가 영화를 보고 영화를 만드는 이유는 우리가 볼 수 없는 인생의 부분, 이면들을 보고 싶어하는 욕망일 것이다. 카메라 그 것들을 보여줄 것이라는 생각에서.
우리는 우리의 인생을 통제하고 싶어한다. 하지만 통제할 수 없다. 우리가 할 수 있는 것이라고는 별점을 보고 길일을 잡으며 소망하며 바라는 것이다. 그리고 후회하는 것 뿐.
밍밍은 종교로 도망을 간다. 하지만 밍밍은 결국 같았다고 말한다. 인생은 그렇게 도망갈 수 없는 것들일지도 모른다.
거대한 유리창과 거울에 비춘 모습들이 많다. 유리창을 통해서 거울을 통해서 보는 우리의 모습은 관조된다. 렌즈를 지나가며 비추어진 초상들은 카메라에서 사진이 되고 영화가 된다. 영화 속 사진이, 그리고 영화 그 자체가 우리의 인생을 관조하며 보여줬듯이 영화 속 거울과 유리창도 우리의 인생을 관조한다. 그리고 반성한다. 거울에 유리창에, 그리고 필름에 우리의 모습이 비추어 보여주기 때문에. 할머니에게 일상을 말하는 모습에서 등장인물들은 스스로를 거울에 비춘다. 특히 NJ는 그 과정에서 과거를 반추한다. 거울오 비추어서 인생을 다시 봤지만 인생은 변하지 않는다. 과거를 흘러갔고 지금 거울에 비추는 모습은 현재의 자신이기 때문이다.
그렇게 인생은 탄생에서 죽음으로 숙연히 필연적으로 흐르는 것이기 때문이다. 탄생과 소멸의 두 점 사이, 사랑이라는 무한한 평원 하나 그리고 둘, 탄생 그리고 죽음, 만남 그리고 이별, 너 그리고 나, 영화 그리고 인생."
해리 포터와 죽음의 성물: 1부,"더나은 2부를 위한 숨고르기
6편이 개봉했을때 크게 실망해서 7-1편은 안봤다가 이제서야 보았다. 한 시대를 풍미한 시리즈의 온전한 마무리를 위한 숨고르기를 하는 작품이었다. 원작의 건조하고 공허한 감성을 잘 담아내었고 초중반 부의 중요한 서사를 적절히 각색했다. 다만 전개가 많이 느리고 답답하다고 느껴지는 것은 단점.

어설픈 로맨스와 비극적인 감성을 제대로 조율하지 못한 전작과는 달리 이번 작은 영화의 시작부터 끝까지 일관되게 건조하고 슬픈 감정을 유지해서 좋았다. 중간중간 나오는 유머들도 미쳐버린 세상에서 조금이라도 위안을 얻으려는 인물들의 발버둥으로 느껴져서 씁쓸한 웃음이 지어진다.

서사 전개를 중점으로 두고 있어 특출난 시각적 효과가 등장하는 장면은 없지만, '죽음의 성물'의 이야기가 담긴 '삼형제 이야기'의 부분을 애니메이션으로 구현한 것이 좋았다. 애니메이션의 퀄리티도 좋았고 현실과는 다른 동화 속 이야기라는 인상을 주었다. 답답하게 전게되지만 완성도는 있었다 18-117 좋아하는 장면들이 잘 표현되지 않아서 아쉽지만, 이 정도면 무난한 프롤로그. 2편의 도비를 생각하면 더더욱 눈물겨운 결말. 저번부터 계속 완벽한 엔딩을 위한 과정만 보여주긴 하지만, 그 과정 속에도 해리 포터 시리즈만의 낭만은 잊지 않았다."
브루스 올마이티,"신은 행복도 불행도 주지만 그것을 어떻게 느끼느냐 하는 것은 인간의 몫이다.
사람은 저마다의 불행을 겪으며 살아간다. 자신의 불행이 가장 크다 여기며 괴로워 하는 사람들도 있고, 불행을 이기지 못하고 꺾여버린 사람들도 있다. 이 영화의 주인공인 '브루스' 또한 자신에게 찾아온 불행에 그 누구보다 슬퍼하며 견디지 못하는데, 그렇게 신을 원망하다 직접 신을 마주하고 그에게 능력을 받아 벌어지는 이야기를 그리고 있다.

인간의 미숙한 정신이 신의 전지전능함을 감당하기란 어려운 일이다. 상상하던 큰 힘을 얻었음에도 더 행복해지지 않음을 깨달은 그는 진정으로 중요한 것을 찾아낸다. 그에게는 사랑이 그것이었다. 그렇게 변화한 그는 이제 삶에서 행복을 더 뚜렷하게 느끼게 되었다. 불행이 여전히 그의 삶에 찾아올 테지만, 그 삶에 동시에 존재하는 여러 행복들 덕에 그는 삶을 힘차게 살아갈 동력을 얻을 것이다. 성경을 읽은 후 보면 더욱 색다른 재미가 느껴진다. 짐 캐리의. 짐 캐리에 의한. 짐 캐리를 위한 영화. 짐 캐리만의 방식으로 신에 대해 접근한다. 모건 프리먼을 신 역할로 설정해놓은 것도 톰 새디악의 좋은 설정이었다고 생각한다. 17-025 우리가 바라는 것들의 대부분이 우리 안에 숨어있을지도. 스토리 - ★★★ 연기력 - ★★★★ 몰입도 - ★★★ ""아이 갓 더 파워"" ""신이 된다면?""이라는 누구나 해본 상상을 완벽하게 영상화 역시 짐 캐리."
프레디의 피자가게,"소재의 특성과 서스팬스가 맥락 없는 휴머니즘에 희생되면서 공포 영화로서는 실패했다.
트라우마를 자극해 과잉 행동을 부추기고 감정선을 자극하며

여러모로 위험해 보이고 음습한 기운이 드리운
'프레디의 피자가게'에 경비를 하면서 생긴 일련의 사건과
인연으로 이끌어낸 의문과 위기감이

주인공의 사연을 본격적으로 들추기 시작하면서
소재로 이끌어낸 서스팬스가 극단적으로 흐릿해지는 바람에
이로인해 공포 장르의 영화로서 실패했다고 볼 수 있다.

하지만 작품 자체로만 보면 원작의 게임성과 세계관이
영화만의 이야기 즉 원작에 없는 인물의 사연과 감정 그리고
관계가 적절히 조화되어 흥미를 이끌어내기에 충분해
이질감 없이 보기 좋았고

영화로서 충실하며 쉽고 또렷한 스토리라인과 늘어짐 없는
구성에 12세 이용가로 기획해 접근성이 좋아 간편하게
소비할 수 있는 영화였다.

더불어 단순히 프렌차이즈의 호응도만 믿고 영화화한 게
아니라는 듯 실사 영화만의 메리트가 있었고 원작 존중과 함께 이질감 없이 연출했으며 팬서비스만큼은 확실해 완작의 팬과 일반 관객 모두 즐기면서 볼만했다.

다만 대놓고 후속작을 예고하듯 풀지 못한 이야기가 많아
원작의 존재 자체를 모르는 관객이라면 의아할 요소가 있고
다소 이야기를 쉽게 풀어가려는 경향이 있어

맥락 없는 느낌이 강해 다소 허무함이 있었다.

대놓고 유혈이 낭자하거나 고어한 장면을 노골적으로
비추진 않지만 카메라에 담지 않았을 뿐이지 12세 이용가
영화치고는 잔혹한 묘사가 있어 상영 등급만 믿고 가족 영화로 착각하면 안 될 것 같다.

-쿠키 1개, 엔딩 크레딧 끝나고 대사 있음-"
쎄시봉,".
화려한 기교는 없지만 포크송처럼 친근하고 안정적인 영화

좋은 음악, 과하지 않고 재밌는 개그코드, 호화 캐스팅에 걸맞은 배우들의 열연, 열창, 케미, 그 시절에 대한 회고, 한효주의 여신 비주얼까지 모든 게 완벽하다.
딱 하나만 빼고
근데 딱 하나 부족한게 바로 영화에서 가장 중요한 요소인 스토리. 스토리가 좀 허술하고 단순하며, 반전이랍시고 등장한 것도 너무 단순하다. 사랑으로 시작해 전설이 되고 추억으로 끝나다"
비밀,"제시하고자 했던 메세지를 제대로 잘 표현해 내기에 과하지도 부족하지도 않았던 꽉찬 시나리오와 연출. 그것들을 잘 표현해 준 배우들의 명연기
살인자가 누구이고 무슨 일들이 있었던건지 알아가는 단순한 미스터리물에 끝나지 않고 많은 감정과 생각을 갖게 했던 작품이었다.
배우들이 풀어내주는 이야기에 자연스럽게 빠져들었고 교감하며 반성과 후회, 다짐 그리고 눈물... 보면서 탄성과 탄식이 함께 절로 나왔다.
여러번 더 보면서 생각과 감정을 되뇌이고 싶단 생각이 들게 했고 길해연배우님과 김정현배우님의 연기에 깊은 감명을 받았다.
강력추천 추리 스릴러물 영화 개봉해서 너무 좋고 기대가 됩니다!! 연기 잘하는 배우님들이 모여서 어떤 연기를 보여주실지 기대가 됩니다 기대되는 배우님 영화라 너무너무기대되요 빨리 12/8일이왔으면좋겠어요 올해 마지막 기대작! 빨리 보고 싶습니다. 흥행대박!!"
스크림,".
21 08 07 무작정 잔인하고 공포스럽기만 한 영화인 줄 알았는데 오해였다. 순한 맛으로 서서히 묻히는 긴장감과 적당히 섞이는 하이틴의 맛. 그런데 스크림이랑 완전 비슷한 내용의 영화를 본 적 있었던 것 같은데. 내가 스크림을 예전에 보고 안 봤다고 착각하고 있던 건가? 영화덕후가 만드는 비틀고 꺾기. 클리셰를 처참하게 깔아뭉게는 재미가 뭔지 안다. [2020. 3. 7 토요일] 약점을 강점으로 승화한 끔찍하지만 귀여운 슬래셔 무비. 1990년대 영화에 이런 말이 웃기긴 하지만 어느새 고전이 되어 버렸다. 오래 전 영화로는 도저히 생각되지 않을 정도로 참신하고 재치있다 16년전에 봤을 때나 16년이 지난 지금봐도 재밌고 몰입감 높은 공포 영화라니!"
트리플 엑스 리턴즈,".
6천만불 버젯에 적당한 팝콘무비 빈디젤보단 견자단을 위한 영화 .
2편부터 젠더 케이지를 위한 내용보단 트리플 엑스 팀을 주로 다루더니 귀환을 해도 팀위주의 재편으로 영화를 끌고 간것이 좀 패착같다.
다양한 캐릭터의 전시에도 빛난 견자단에게 만족한다.
그러나.....
빈 디젤은 그렇게 가오잡으려면 근육부터 뺴야겠다.
DJ 카루소는 왜 재기발랄함이 사라졌는지 아쉽다..... 액션영화라고 진짜 액션만 있다 아무생각 없이 보기에 이처럼 좋은 영화가 있을까? 여전히 철없는 중년 스파이의 힘겨운 재롱잔치"
카메라를 멈추면 안 돼! 리모트 대작전!,"코로나가 닥쳐도, 카메라를 멈추면 안 돼!
1편 <카메라를 멈추면 안 돼!>를 다른 감독이 조악하게 따라하기에만 그쳤던 2편 <~ 스핀오프 할리우드 대작전!>과 이 영화는 그 궤를 달리한다. 본래의 감독이 돌아왔을 뿐만 아니라, 본래의 이야기를 이어받은 새로운 이야기를 하고 있기 때문이다.

좀비 영화를 찍는 좀비 영화였던 전작에 이어 이 영화는 언택트 유튜브 영화를 찍는 언택트 유튜브 영화다. 좀비도 없고 롱테이크도 없지만 바로 그렇기에 이 영화는 원작의 적자(嫡子)로서 자리잡는다.

원테이크라는 제약은 언택트 제작으로 대체되었고, 실제적 위협으로 존재하던 좀비는 코로나로 대체되었다. 무엇보다도 코로나 시대의 현실을 철저히 반영하면서 전작의 테마였던 현실과 가상의 경계 흐리기를 또다른 방식으로 계승하고 있다. 영화를 가득 채우는 B급 코미디 정서는 말할 것도 없다.

또, sns를 통해 공모받은 영상들이 포함된 이 영화는 말 그대로 관객의 참여로 완성된 영화로, 관객을 이야기 속으로 끌어들이며 전작이 영화 제작자들에게 보내던 따뜻한 시선의 대상을 확대한다. 유튜브로 무료 공개된 이 영화는 마침내 코로나 시대를 관통하는 우리 모두에게 위로와 응원을 보내는 것이다.
“모두의 웃는 얼굴이 보고 싶었으니까.”
“현장에서 만나요.” 더이상 카메라를 멈추지 않는 것과는 아무런 상관이 없어진 이야기지만 지금 이 때 코로나 시기에만 만들 수 있는 재기발랄한 아이디어가 넘치는 영화다."
러브 익스포져," 변기를 오브제로 한 마르셸 뒤샹의 「샘」이 생각나는, 소노시온의 4시간으로 장황한 사춘기 끝내기 . 엔딩이 뜰 때 좀 더 보고싶단 느낌을 받았다. 정말 찍고 싶은 대로 찍은 거 티나는 비정상과 정상을 구분하는 잣대는 과연 어디에 있는 것인가. 변태가 확신을 가지고 만들어낸 사랑에 대한 찬가. 사랑을 하려면 구원 정도는 해야하는 지도 모른다. 별 하나 주기도 아깝지만 네 시간 보느라 고생한 내 자신에게 줌 갑자기 분위기 삼천포"
패컬티,"로버트 로드리게즈보다 케빈 윌리엄슨의 색깔이 더 강한 바디 스내처 틴 무비
1. '패컬티'는 로버트 로드리게즈의 작품이라기보다 각본을 담당한 케빈 윌리엄슨의 작품에 더 가깝게 느껴진다. '스크림'과 '나는 네가 지난 여름에 한 일을 알고 있다'와 비슷한 시기에 나와서 더욱 그렇다.
2. 바디 스내처 설정을 소재로 삼았는데, 잭 피니와 로버트 하인라인의 소설을 대놓고 언급하고 있다. 바디 스내처로 인한 불신은 '더 씽'의 그것과 유사하다. 심지어 외계인 가려내기 부분은 '더 씽'의 피검사를 떠오르게 한다.
3. 주요 캐릭터의 설정은 '조찬 클럽'과 유사하다. 전학생 메리베스 빼고.
리뷰 전문 보기 내가 좋아하는 스타일은 아닌데, ('타란티노'같이 너무 과격하고 주제의식 x) 그럼에도 매력적인 캐릭터들과 세심한 플롯, 재미진 소재를 궁합시킨 하이틴+공상과학+호러인 팝콘무비~ 왓고리즘 네 이놈들... 2021년에 봐서 그런가 좀 촌스러움"
파이어버드,".
'불새'는 에스토니아의 한 병사가 새로 온 조종사와 사랑에 빠지게 되는 영화다. 꽤 전형적인 퀴어 멜로 영화이며 무난한 재미를 줬다.

영화는 세 주인공의 삼각관계를 중심으로 전개된다. 동성애가 금지된 구 소련 사회, 특히나 군대에서 두 남성 주인공의 사랑을 집중적으로 보는 영화의 관전 포인트는 주로 톰 프라이어와 올렉 자고로드니의 훌륭하면서도 섬세하고 잔잔한 케미와 금지된 사랑으로 인한 비극적인 긴장감이다. 하지만 비슷한 류의 영화들의 박자를 그대로 따라가는 이 영화는 그만큼 식상하게 느껴지기도 하며, 전반적으로는 그냥 무색무취한 인상을 남겼다. 이런 퀴어 영화 언제까지 봐야 할까. 실화 바탕이라고 하니 더욱 지친다."
눈물이 주룩주룩, 작품 자체는 아쉬움이 남았지만 이 영화를 기점으로 연기파 배우로 자리잡은 츠마부키 사토시 아니 이게 뭐야?하고 끝나버림 나가사와 마사미의 다크서클이 매력적이었던. 내가 원한 청춘의 그림 예쁜 영화 오키나와의 파도처럼 잔잔한 이야기 ‘연분홍 청승’으로 불러주마
울산의 별,"8.6/빛은 좀 많이 바랬지만 울산의 밤하늘에도 아직까지 별은 보이니까.
8.6/빛은 좀 많이 바랬지만 울산의 밤하늘에도 아직까지 별은 보이니까.
/
타의에 의하긴 했어도 무릎과 팔꿈치가 말썽이던 윤화는 마침내 은퇴를 맞았고, 코인 투자 사기나 당한 아들놈은 울산은 곧 조선소라던 뭘 모르는 옛날 사람 엄마의 말버릇대로 기어이 대를 이어 조선소에 취직했으며, 윤화가 필사적으로 지키겠다던 그 땅은 못난 도련님의 건사를 위해 팔릴 것임. 잔뜩 몰려서 이성적인 판단이 불가했던 윤화와 그저 빛날 따름인 대인배 태민 아재의 오해는 다행스럽게도 스르르 풀렸으며, 그 모든 꼴을 묵묵히 지켜보며 마음을 다져온 딸은 착한 담당일진 친구와 함께 지긋지긋한 울산을 벗어나 조용히 서울로 향했을 것임. 쇠하다 못해 이제는 초상집 분위기라는 울산에서도 여전히 사람들은 살아갈 것이고, 그런 울산의 밤하늘에도 빛바랜 별이나마 아직까진 보임.
/
4:3화면비에 흑백이기까지 했다면 보다가 중간에 기절했을 지도 모를 만큼 답답하고 암울한 상황들이 내내 이어짐. 남편이자 아빠는 사고로 진작에 죽었고, 홀로 남은 엄마는 몸 다 망가져 가며 악으로 깡으로 20년 넘게 버텨온 조선소에서 정리해고 통보를 받았으며, 아들이란 놈은 취업할 노력은 안 하고 집 담보로 1억 대출 받아서 코인 놀음에 박았다가 다 날려먹음. 도련님은 영화감독이랍시고 돈만 까먹다가 이혼 당하기 직전이고, 할배는 그런 아들놈을 위해 윤화가 지키겠다던 땅을 팔고자 함. 고등학생 딸은 우울하고 갑갑한 집구석과 좁은 울산땅을 벗어나 꿈을 위해 서울로 떠나고 싶어함. 하나하나가 웬만한 독립영화에서 주요 소재 자리 하나 정도는 충분히 꿰찰 만한 상황들인데, 이런 온갖 불행이며 우울한 일들이 한 가정에 몰빵되고 있으니 말 다했음. 물론 하나씩 뜯어보면 어디선가 한번쯤은 봐온 것들이라 좀 식상하고 뻔하다 싶기도 하지만, 이 모든 상황들이 얽히고설킴으로서 발휘되는 시너지가 상상초월인 데다, 마치 최종 결재선 마냥 이 모든 고통을 감당해내고야 마는 김금순 배우와 윤화라는 인물 덕에 뻔함이고 뭐고 다 제껴두고 그저 몰입해서 볼 수 있었음.
/
김금순 배우는 그냥 혼자서 극을 아예 씹어먹으며 종횡무진 누비고 다녔음. 비중 높은 주요인물들 중 익숙한 얼굴이라곤 김금순 배우 뿐이었는데, 얼마든지 다른 배우들의 연기력까지 캐릭할 정도로 극을 통째로 들쳐업고 다녔음. 허구의 인물인 윤화를 거의 현실 속에 소환해놓은 수준으로 연기하며 혼연일체의 싱크로율을 보여줬고, 인물에 깊숙히 몰입한 채 연기하고 있음이 시종일관 느껴졌으며, 지극히 리얼한 연기 톤을 보여주는 와중에도 얼마든지 극적인 연기로도 넘나들며 전천후의 대응력을 발휘했음. 화장기 전혀 없는 얼굴과 막 자른 짧은 머리에 어깨는 축 처진 채로 투박하게 터벅터벅 걸어다니고, 눈을 부릅뜨고서 세모입으로 이 악물고 버럭하거나 진상을 부리며 거친 말을 내뱉는 그 모든 모습들이 김금순이 아니면 흉내조차 낼 수 없을 게 분명한 윤화 그 자체였음. 하여튼 예전부터 믿고 보는 인상깊은 배우였던 김금순의 연기 중에서도 단연 으뜸이었고, 연기며 캐릭터며 앞으로 웬만해선 잊혀지지 않을 것 같음.
/
윤화는 마치 우리네 부모님 세대를 압축해놓은 상징적인 인물처럼 느껴졌음. 억척같고 억세며 틈만 나면 잔소리지만, 자식 앞에선 속을 삼키며 전전긍긍, 안절부절하는 어머니이자 아줌마의 모습, 거칠고 무뚝뚝하며 자존심도 세고 고집도 부리지만 가장으로서의 무게와 고독을 안고 살아가는 아버지이자 아저씨로서의 모습 등, 성별을 초월해서 부모님 세대 그 자체를 투영해놓은 인물이었음. 또한 점차 쇠해가는 울산에서 아직도 조선소가 최고임을 애써 자부하며 말버릇처럼 되뇌는 모습과 집이며 땅이며 손해를 무릅쓰고도 절대 팔지 않겠다고 이 악물고 버티는 모습에서 과거의 활기찼던 영광과 좋았던 기억, 추억 등에 얽매여 사는 윗세대의 서글픔이 느껴지기도 했음. 물론 그런 굳은 고집과 노래방에서 보여준 '지랄발광'의 몸부림 끝에 점차 변화해야만 한다는 걸 조금씩이나마 인정하고 받아들이는 모습을 보여주며, 당장 살기 위해서라도 한걸음씩 성장해나감으로써 기꺼이 울산에서의 희망과 미래를 누릴 자격이 있음을 증명하기도 함. 근래 본 중 가장 독하고도 처량한 인물이었으며, 현실에서 직접 만났다면야 진절머리 났을 지도 모르겠지만, 살아남으려 발버둥치는 비슷한 처지의 사람 대 사람으로서는 얼마든지 몰입하고 공감하고 응원까지 하게 되는 인물이었음.
/
아들 세진 역의 최우진 배우 연기가 아쉬웠음. 연기를 못하는 것 같진 않은데 그렇다고 잘한다는 생각은 전혀 안 들고, 리얼한 톤인 것 같으면서 극적인 톤도 많이 섞여있는, 여러모로 애매한 연기를 보여줬음. 한 쪽에선 김금순 배우가 리얼함과 극적인 연기를 자유자재로 오가며 완전 날라다니고 있는데, 한 쪽에선 애매하게 빌빌대는 느낌이라 비교가 좀 됐고, 세진이라는 인물에 대한 몰입에도 지장이 좀 있었음. 그나마 김금순 배우와 마주보며 합을 맞출 땐 순간순간 시너지 효과라도 일어난 것마냥 꽤 괜찮은 모습을 보여주지만, 메인이 되어 극을 끌어가는 씬에선 어김없이 아쉬웠음. 솔직히 세진의 친구로 나온 두 배우 중 아무에게나 맡겼어도 됐겠다 싶을 정도로 특색없이 밋밋하고 애매한 연기를 보여줬음
/
후반 산소에서 벌어진 술판은 가히 인상깊고 강렬한 난장판이었음. 가뜩이나 리얼한 말투 및 사투리 때문에 대사가 잘 들리지 않는 판에 술주정까지 더해지니 대사가 거의 뭉개지는 수준이라 다들 무슨 말들을 하는지 알아먹을 수가 없었음. 가끔씩 들리는 특정 단어나 짧은 문장만으로 대강의 사정은 파악할 수 있었지만, 두 줄 이상 제대로 들린 대사가 없을 정도였음. 허나 열연이자 호연을 펼치고 있는 배우들에게선 대사를 뛰어넘는 어떤 에너지 같은 게 뿜어져 나왔고, 그 덕에 자세한 자초지종이고 뭐고 그냥 그 상황과 분위기 자체를 온전히 받아들이고 느끼는 게 해당 씬의 바람직한 감상법임을 어렵지 않게 깨달을 수 있었음. 혼자 용케도 제정신을 유지하고 있는 딸을 빼고 모두가 인사불성 혹은 넋이 나간 채로 거실에 널부러져 있는 진풍경은 손에 꼽을 만한 명장면이었음. 괴롭고 힘든 순간들이 시도때도 없이 닥쳐와도 살아야지. 사람이, 세상이 비련해도 가끔씩의 행복이 찾아오기에 인생은 버티고 살만하다. 사회 밑바닥의 감성자극 시네마."
살인의 해부,"법정물의 교과서.
히치콕을 연상케하는 미스터리 스릴러로 시작하지만, 한 시간만 지나면 폭주기관차처럼 완벽한 법정 드라마로 달리기 시작한다. 쉬지도 않고 떠드는 건 ‘오펜하이머’가 떠오르고, ‘12명의 성난 사람들’이 배심원들의 법정 밖 뚝심과 정치의 싸움이었다면 이 작품은 법정 안에서 쉴 새 없이 몰아치는 검사와 변호사의 말로 싸우는 격식 있는 리얼한 전쟁터다. 그 와중에 가장 돋보이는 건 판사의 깨알 같은 대사들.

법이 아니라 법정의 메커니즘이 어떤 식으로 움직이고 호소되는지 미국만의 독특한 배심원 제도를 이해하기 위해 이 걸작 하나면 다 해결되겠다. 진실은 저 너머에 있지만 선인과 악인은 구분되는 게 아니라 복합적이란 대사처럼, 빌런 따윈 없다. 진실도 법 앞에선 애매모호한 태도를 보인다. 영화 ‘미드나잇 가든’처럼.

/캐서린 모리스의 눈빛이 생각나는 중위의 아내의 매력이 자칫 늘어질 수 있는 전반부 한 시간을 집중력 있게 잡아나간다."
여선생2 (무삭제),
301호 모텔 살인사건,
악녀,
플래시,"플래시
엔딩의 일부분을 빼고 영화 시사회를 한다는건 그만큼 자신이 있다는건데 막상 뚜껑을 열어보니 그런 모험을 왜 했는지 알 수 있을것 같다.
완전히 푹 빠져서 봤음.
.
플래시의 초고속 질주를 표현한 CG는 진짜 환상 그 자체.. 와 이렇게도 표현이 가능하구나..
.
원래부터 DC 유니버스의 영화들이 꽤 매력적이라고 생각했었는데 이번 영화가 그런 나의 생각을 다시 한번 맞다고 증명시켜주는것 같음.
.
마이클키튼의 배트맨이라니...ㄷㄷㄷㄷ
거기다 슈퍼걸에 플래시 까지..
.
점점 확장되어가는 DC 유니버스의 모습도 확인할 수 있어서 이젠 다음의 DC 작품은 어떤 모습일지 기대가 된다.
.
엔딩의 일부분을 뺀 상영본이라 개봉일에 플래시 영화를 사수해야 되는건 이제 선택이 아니라 필수가 된것 같다.
.
빨리 보고 싶다. 6월14일...빨리 와라!!!! 마블과 같은 멀티버스를 주제로 했지만 마블과는 다르다 팀 버튼의 배트맨 1편이라도 보고 가면 더 재밌게 볼 수 있을 것이다. 그리고 진짜 시각효과는 진짜 끝내준다 보는이들이 공감을 못하든, 의구심을 가지든 계속 달린다."
유령,"박소담과 이솜의 액션신만 오래 기억에 남다
""유령에게 고함. 작전을 시작한다""

과연 ‘유령’은 작전에 성공할 수 있을까?

성공할 때까지 멈춰서는 안 된다는데 과연 작전이 성공한 건지? 의문이다. 이후의 이야기는 어떻게 전개될 건지.

그리고 진짜 유령이 누군지도 내겐 불분명하다. 그럼에도 볼거리는 뭔가 많이 던져주는 것 같았는데... 정작 짜릿한 서사가 부족한 듯. 그래서 퍼즐이 엉성하다. 유령들이 모인 호텔이 엉성한 것처럼. 일단 어느 부분의 OST는 쓸데없이 너무 시끄럽다. 영화의 서사가 묻힐만큼. 가장 아쉬웠던 부분이다. 개인적으로 박소담만 보인 영화였다. 초반부에 잠깐 등장한 이솜과 함께. 박소담의 그 순간부터 나도 영화도 이성이 마비됐다. 이런 항일 영화일 줄이야. 관객을 버리고 혼자서 질주하는 항일 서스펜스 액션 블록버스터. 보여주고 싶은 건 많았지만 모두가 사족처럼 느껴진다."
드라이브 마이 카,"내 마음을 온전히 바라보지 못할 때
지금 이 글을 작성하는 시점에서 말해본다면 '드라이브 마이 카'라는 영화와 이 영화를 만든 하마구치 류스케 감독은
꽤 이목을 끌만한 작품이 된 듯하다. 그 근거로는 봉준호 감독이 극찬한 영화임과 동시에 각종 저명한 세계 영화제에서 긍정적인 성과를 거두고 있기 때문이다. 그중에는 많은 사람들에게 익숙한 깐느 영화제의 각본상과 미국 아카데미 시상식에서 국제 장편영화상의 수상이력도 있다.




분명 취향의 차이일 테지만 필자는 현대 영화를 크게 두 가지 구분점으로 나눠서 생각할 때가 많다.

하나는 이야기의 전개는 매우 단순하나 그 단순함을 감독의 개성에 맞게 표현하는 경우다.
그리고 다른 하나는 이야기를 복잡하고 입체적으로 만들어 그 이야기에 몰입하게 만드는 경우다.

이를 테면 전자에 해당하는 영화는 대개 줄거리를 요약해서 설명하기가 크게 어렵지 않은 구조를 띤다. 대체로 기승전결이 잘 나눠져 있다고 할 수도 있겠다. 이쪽 부류의 영화들은 대략적인 줄거리의 설명을 듣고 관람하게 된다면 영화는 대부분 큰 변곡점 없이 흘러간다. 일례로 '스펜서(2021)', '킹 리차드(2022)', '코다(2021)' 같은 영화를 이쪽으로 구분한다.

후자는 등장인물 간의 감정선, 이야기의 짜임새에 더 초점을 맞췄다고 생각한다.
이는 영화 내에서 기승전결의 역할과 각 지점마다 중요도를 차지하는 부분의 배분에 차이가 있다. 이 때문인지 적어도 필자같은 설명충에게는 영화의 줄거리를 쉽게 설명하기는 좀 어려운 편이다. '드라이브 마이 카'는 후자에 해당하는 영화다.




이 영화는 '이야기'에 주목해서 보면 좋을 듯한 요소가 영화 안의 설정 속에 다양하고 섬세하게 포진되어 있다.


물론 이 영화를 찬찬히 뜯어보면 자동차 안에서 펼쳐지는 이야기들과 인물들의 감정 변화라던가 틈틈이 보이는 인물들이 보여주는의 상징적인 요소나 행위 배치 등도 많은 볼거리를 제공한다.

하지만 필자는 이 영화의 '이야기'에만 집중해서 조금 더 써보고자 한다.

'드라이브 마이 카'는 이야기에 이야기를 더한, 그리고 이야기를 위한 이야기다. 이야기가 이야기의 앞뒤를 물고 있고, 그렇게 연결된 이야기는 다른 이야기로 덮혀진다. 이렇게까지 생각할 수 있었던 이유는 다음과 같다.


- 영화 외적으로는 무라카미 하루키의 세 가지 단편 속의 이야기들을 하나로 엮어 낸 영화다.

엄밀히 말하면 '여자없는 남자들'이라는 동명의 단편소설에 '셰에라자드'와 '기노'라는 단편의 소설의 일부를 가져와 사용하였다.

이 세 가지 이야기들이 상호 개연성을 만들어 가며 하나의 굵은 이야기로 탄탄하게 직조되는 느낌을 받을 수 있었다.


- 등장인물들이 '바냐 아저씨'라는 연극을 완성해 가는 이야기도 섞여 있다.
영화 속에는 '체호프'의 연극 '바냐 아저씨'의 연극을 중심으로 다양한 인물들이 등장한다.

전체 이야기 속에서 또 다른 작은 이야기인 '바냐 아저씨'가 서로 상호작용하며 작은 이야기와 큰 이야기가 상호 중첩되기도 한다. 그리고 이는 각 등장인물과도 절묘하게 섞여 사건과 배경으로서 중요한 역할을 하게 된다.


- 오토의 꿈속 이야기로 인해 서서히 밝혀지는 잔잔한 서스펜스의 긴장감

가후쿠의 아내인 오토는 육체적인 관계 시 자신도 기억하지 못하는 이야기를 만들어 낸다. 이러한 설정은 캐릭터들 간의 은밀한 이야기의 공유로 점점 진실과 자신의 감정에 마주해 간다.

그리고 그 설정을 넘어 실제 육체적인 관계에서 만들어낸 이야기가 영화의 핵심 캐릭터들의 감정을 동요시키는 사건으로 전환한다.
리뷰 전문 보기"
신과함께-인과 연,"탄탄한 드라마는 UP 오락적인 흥미는 DOWN
영화 <신과 함께-죄와 벌>은 1400만 관객을 동원하며 한국 박스오피스 역대 관객 수 2위를 기록했다. 웹툰을 원작으로 한 작품 중 이렇다 할 히트작이 없었다는 점, 원작 웹툰에서 핵심 캐릭터였던 진기한이 영화에 등장하지 않는다는 점, 판타지 장르에 어울릴 만한 CG에 대한 우려 등 부정적인 요인들이 있었음에도 불구하고, 관객들에게 큰 웃음과 눈물을 주면서 흥행에 성공했다. 다만 '지나치게 신파적이다'라는 비판도 있었다. 이런 비판을 신경썼기 때문일까. 지난 1일 개봉한 영화 <신과 함께-인과 연>은 시리즈 전편의 신파적인 요소를 쏙 빼고 드라마적인 측면을 강화했다.



전편이 자홍(차태현 분)의 7번의 재판과 원귀가 된 동생 수홍(김동욱 분)의 이야기를 주로 다루었다면 이번 편은 지옥 길을 안내하는 삼차사의 과거와 수홍의 재판, 새로 추가된 캐릭터인 성주신(마동석 분)의 이야기로 이루어진다. 세 이야기를 연결하는 코드는 부제인 인과 연이다. 성주신은 세 차사를 지옥으로 안내한 인물이며 이들의 과거를 기억하고 있다. 수홍의 재판 내용은 강림(하정우 분)의 과거와 유사하다. 또 두 차사, 해원맥(주지훈 분)과 덕춘(김향기 분)이 맡은 임무를 방해하는 존재가 성주신이다. 서로 엮인 이들의 과거와 현재는 차곡차곡 쌓여 탄탄한 탑을 이룬다. 드라마적인 측면의 강화는 이런 이야기의 탄탄함에서 비롯된다.

다만 이 과정에서 아쉬운 측면이 있다. 첫 번째는 편집점이다. 세 개의 이야기를 번갈아 하려니 편집점이 짧아진다. 예를 들어 강림이 수홍을 재판장으로 데려가는 과정에서 수홍이 가장 무서워하는 존재로 공룡 랩터가 등장한다. 강림과 수홍이 랩터 무리를 피해 도망치는, 스릴 넘치는 장면은 다른 이야기를 위해 중간에 잘려 나간다. 다른 이야기들도 마찬가지다. 하고자 하는 이야기가 많고 서로 연관성이 있기에 짧게 짧게 장면들을 연결한다. 스피디한 전개를 택한 것이지만 몰입감이 떨어질 수밖에 없었다.

두 번째는 새로 추가된 인물인 성주신의 이야기이다. 성주신은 해원맥과 덕춘에게 과거를 알려주는 중요한 인물이다. 강림의 파트가 진중함으로 무장했다면 성주신의 파트는 웃음 코드가 활발하다. 문제는 그의 이야기가 그리 인상 깊지 않다는 점이다. 성주신이 이야기하는 해원맥과 덕춘의 과거는 흥미롭다. 하지만 성주신이 등장하는 이야기 자체는 다른 이야기에 비해 속도가 느리다. 주된 이야기가 차사들의 과거에 포커스가 맞춰져 있고 성주신의 이야기가 주는 자극이 약하다 보니 몰입도가 떨어진다. 앞서 수홍의 이야기가 전편의 연장선으로 이어지고, 세 차사가 전편에서도 핵심적인 역할을 했다는 점에서 이번 속편만의 새로운 매력을 발견하기 힘들다.



이런 아쉬움은 결의 변화에서도 확인할 수 있다. 전편은 신파의 색도 강했지만 관객들을 결말의 신파까지 이끌어가는 흥미는 어드벤처적 전개에 기인했다. 관객들은 자홍의 입장에서 지옥을 모험하고 체험하는 일명 지옥맛의 재미를 느낄 수 있었다. 여기에 어색하지 않은 CG와 화려한 액션, 판타지 요소들은 볼거리를 풍부하게 만들어 주었다. 이번 작품은 VFX(시각적인 특수효과)의 강화로 더욱 풍성한 볼거리와 완성도 높은 장면들을 만들어냈다. 하지만 장르적 재미를 어드벤처에서 드라마로 틀면서 재미를 줄 만한 요소가 많이 줄어들었다 생각한다.

또 판타지적인 측면에서도 새로움이 부족해 보였다. 이미 완성된 전편의 세계관에 영화적인 흥미를 더할 만한 요소나 장치들을 더하지 않았기 때문. 완성도 면에서 따지자면 이번 <신과 함께2>가 더 뛰어나다 말할 수 있다. 전편의 단점으로 지적되었던 신파적인 요소를 제거했으며 부제에 어울리는 인물들 사이의 관계를 촘촘하게 엮어내는 데 성공했다.

다만 관객이 느낄 만한 재미적인 측면으로 따지자면 아쉬움이 남는다고 말하고 싶다. 재미를 줄 수 있는 요소들을 살리지 못했다는 생각이 든다. 다만 이번 편을 통해 더 굳건해진 삼차사라는 캐릭터성, 여전히 관객들이 매력을 느낄 만한 한국산 판타지의 진취, 인간사 삼라만상을 담아낼 수 있는 세계관을 구축한 것은 영화 <신과 함께>를 하나의 브랜드로 정착시킨 의미 있는 성과를 낸 게 아닐까."
캐롤,"캐롤
01.

가고싶은 곳으로 갈수 있고, 사랑하는 이를 찾는것도 할수있고,

그리고 그녀를 지키는 것 조차도 굉장히 멋스러웠던 캐롤.

마지막 미소가 황홀하게 아름다운 그녀.



02.
필름으로 본 캐롤은 너무 좋았다.어두운 배경과 자막글자에 살짝 보여지는 그림자들. 깨끗하고 선명함 대신 따뜻하고 어둡게 보여지는 필름이 잘 어울리는 영화였다.

03. 동성애라는 것에서 벗어날수 없었지만, 그것이 그들을 묶어주는 것이 됐다는 생각도 든다.



04. 캐롤을 보면서 아름답다라는 생각외에는 할수가 없었다.

음악,의상 그리고 카메라 앵글도 그리고 그들이 서로에게 가지는 마음과 배려 그런 것들이 아름다웠다는 생각이 든다.


영화는 단순하게 생각하면, 캐롤과 테레즈가 만나 여행을 가고 헤어졌다 잠시 만나는 과정을 이야기한다.

그런 일련의 과정중에 구심점이 되는 이야기는 사랑, 배려, 기다림이었다. 단순한 사랑이야기임에도 이렇게 특별할 수 있게 느껴지는건 그들이 거친 회오리 바람속에서도 흔들리지 않는 우아함을 지녔기 때문이란 생각도 해본다. 이별보다 슬픈 만남. 위아래가 존재하는 평행선이 곡선으로 내려가거나 올라가 얽히는 사랑의 띠 빠르게 달려나가는 사랑의 길 싸구려 카메라에 찍힌 그녀들의 아리따운 사랑 이야기 똥차여도… 케이트랑 루니 마라로 찍어줬다는거에, 감정의 질감으로 써내린 애틋함의 시선"
빅쇼트, - 내 말이 맞아서 통쾌하기 보단 씁쓸해지는 기분을 느끼는 영화 서브 프라임 모기지 사태 때에 대해서 가장 어렵지만 그나마 쉽게 설명한 영화. 이 경제 위기에 책임진 사람은 일반 서민들 뿐이다. 금융에 대한 냉소와 조소. 사실 전달 50% + 시스템과 국가에 대한 불신 및 풍자 50% 어려운 경제 문제를 쉽고 재밌게 설명해주는 눈높이 선생님 현장의 중요성 부패한 낙관에 대한 분노에 찬 비관.
셔터 아일랜드,"'잘' 만들어진 영화이긴 한데.... 끈을 놓치지 않았나?
잘 만들어진 영화이다. 디카프리오의 연기는 역시 최고이다. 영화가 주는 영상미 또한 영화답게 몽환적이며 환상적이고, 암울한 듯 하면서도 신비롭다. 계속해서 영화 속에서 주어지는 실마리들은 어느 순간에 계속해서 다음의 이야기를 혹은 전체의 그림을 보여주었다는 생각을 나중에 깨달았다. 반전을 통한 영화적 즐거움 또한 크다.

그럼에도 불구하고 뭔가 허전한 게 있는 것은 분명하다. 광기에 대해 인류는 어떻게 생각해 왔나? 한때는 광인들은 같이 살아가는 존재로서 우리 주변에 머물러 있었다. 또 어느 때인가 부터는 철저하게 격리되고 배제되었다. 이른바 보통사람들 - 혹은 '정상적인 사람들' - 의 눈 앞에서 사라졌다. 그러다가 또 그들 역시 치료의 대상이 되고 같이 살아가야 할 존재라고 간주되면서 경계에 놓여지기도 했다. 감독은 아마 광인 혹은 광기에 대한 인간들의 태도들에 대해 다양한 방법으로 보여주려 하는 듯 했다. 영화 속에서 나오듯이 광인들에 대한 치료의 방식에 대해서 나름 여러가지를 언급한다. 그리고 영화의 줄거리가 그것의 한 방법임을 또 보여주었다.

물론 감독은 답을 가지고 있지는 않다. 그렇다고 광인들에 대해 어떻게 해야 할 것인가를 영화가 말하고자 하는 것은 아니다. 그럼에도 불구하고 난 감독의 이야기를 듣고 싶었다. 하지만 내가 놓친 건가? 아니 영화적 즐거움을 위해 감독은 순간 끈을 놓친 것은 아닌가 하는 생각이 들었다. 두 번 보면 더욱 재밌는 치밀하게 짜여진 각본. 마틴 스콜세지 영화 중 가장 스콜세지가 아닌 것 같은 영화. 처음 1시간동안은 스토리가 뻔하고 반전도 뻔할 것이라고 장담했지만, 점점 헷갈리기 시작하더니 결국 당하고 말았다. 폭풍 속으로 사라지는 진실의 악몽. 꿈속 장면은 미장센과 섬찟함의 극한을 보여준다. *머릿속에서 한동안 영화음악이 계속 울리고 들리는 경험을 했었다."
패터슨,"짐 자무쉬가 쓴 아름다운 시집 한 편
짐 자무쉬 감독이 연출한 신작 '패터슨'은 최근 흥행하고 있는 영화들과 비교했을 때, 지극하게 평범하고 일상적인 영화다. 그저 일주일이라는 시간 속에, 뉴저지주 패터슨이라는 공간 속에 소소하게 살아가는 버스 운전사 '패터슨'의 이야기다.

하지만 이 평범한 사내의 일주일을 담은 영화는 관객에게 평범하지 않은, 한 편의 아름다운 시집으로 전달되었다. 무엇 때문이었을까? 마치 우리가 시를 처음 배울 때 체득하는 운율과 표현기법이 패터슨과 그의 아내 '로라', 애완견 '마빈', 그리고 그의 주변인물과 사물, 배경에서 드러나 대칭, 대비 등을 상징했다.

그 예로 언제나 똑같은 주기로 살아가는 패터슨과 반대로 매일 다른 모습과 행동을 하는 로라의 대비, 그 사이에 놓인 마빈은 시의 구조처럼 절묘하게 균형을 이루고 있다는 것을 발견할 수 있다. 그리고 그날 보고 듣고 느낀 감정을 비밀노트에 써 내려가는 패터슨의 감성에 감정이입 되어 관객들은 그동안 삶에서 미처 발견하지 못했던 것들에 눈뜨게 된다.

짐 자무쉬는 자신의 영화에 대해 ""너무 많이 생각하지 마세요""라고 말했듯, 그저 편안하게 짐 자무쉬의 시집을 보고 듣고 느껴라. 왠지 모를 평온함과 안락함을 느낄 테니 말이다.

-2017년 12월 7일 '패터슨' 언론/배급 시사회 관람-
리뷰 전문 보기 잔잔한 한 편의 시 같은 그의 이야기. 평범한 일상 속의 다채로운 변주"
노팅 힐, 이 둘의 로맨스에서 설렘과 낭만이 느껴졌다. 책방에서 처음 만나는 장면은 언제 봐도 미소짓게 한다. 책방 주인이든 손님이든 누구에게나 그 순간의 설렘은 딱 한번만 가능하다는게 사랑의 공평함 한 끗씩 어긋나있는 상황이 어쩌면 사랑하기 가장 좋은 상황일수도 판타지를 실현시키기 위해서 주인공들을 바보로 만들어야 할 때가 종종 있다. 동화같은 이야기는 노팅힐의 우리에게 달콤한 브라우니를 건넨다. 노팅힐에 가서 그 현장을 느낀 영화로 아직도 줄리아 로버츠와 휴 그랜트의 모습이 아련 어쩌면 지금은 이해 못 할 90년대 감성... 그리고 어쩌면 나에게 이해 못 할 판타지인 것 같다. 나는 그런 설렘도 사랑도 아픔도 느끼지 못해서 아이러니하게도 슬프다. 낭만에 가장 부합한 로맨틱 코미디! 얼굴합 진짜 개미침 요즘 나오는 영화가 20년전 영화보다 촌스럽고 어처구니없다고 느껴진다면 요즘 영화 문제일까? 아님 20년전 이 영화가 쩌는 걸까? Indefinitely. 그리고 내 입가엔 함박 미소가!
아저씨," 아저씨, 가깝고도 친근한 호칭을 몇걸음 멀어지게 만들어준 작품 첫 자대 배치 후, 선임이 너 가장 좋아하는 영화가 뭐냐? 고 물었을때 아저씨 좋아합니다! 했던 기억이 나네요. 정말 잘만든 재미있는 영화. 한국에서도 이런영화를 만들수 있구나 감탄한 액션 원빈느님, 아저씨를 연기하려면 레옹정돈 되어야지요 연기를 잘하든못하든 대체불가 원빈! 다크한 분위기와 그런 엔딩음악. 감각적이고 우아한 가슴설레는 원빈의 비주얼 아저씨 영화좀 팍팍찍어요 말이 많아도 한국영화의 명작 중 하나 굳이 주인공빨이 아니어도 영화 자체 구성과 편집, 액션씬도 잘만든 수작이라고 생각함 ㅋ 목표가 확실하다. 뚜렷하다. 꿰뚫었다."
늑대아이,"“엄마랑 다툴 때마다 이 영화 봐야지”
중학교 3학년 때인가...? 이 영화를 우연히 보았었다.
그땐 지금보다 더 어렸었고 철도 덜 들어서 그랬는지 마지막 장면이 순수한 ‘슬픔’으로 가득 찼었다. (아마, 헤어진다는 것에 의미를 둔 슬픔인 듯하다.)

정확히 10년이 지난 지금,
이 영화가 너무나 다르게 다가온다.

슬픔은 당연하거니와 미안함과 헌신에 대한 대단함,
그리고 ‘감사함’이 크게 와닿았다.

나는 늑대도 아니고 당연한 인간이며
영화처럼 병원도 못 가지않고, 일부러 도시를 떠나 살지 않는다.

‘모성애’란 내가 무엇이 되었든 상관없이
오로지 나를 향한 평생의 그녀들의 희생과 사랑이지 않을까 싶다.

언제나 감사합니다. 부모님.
‘다툴 때마다’라는 말은 사실 농담이고,
이젠 제가 평생 효도할게요 :) 연애하는것 육아하는것 모두 늑대인간을 사랑하는 것"
데몰리션,".
데몰리션(Demolition). 말 그대로 파괴, 폭파라는 뜻을 가진 단어이며, 폐허라는 의미로도 해석이 가능한 단어이다.
영화 속 데이비스(제이크 질렌할)는 아내가 죽어도 괴롭거나 속상하지 않다고 느낀다. 이렇게 느끼고 있는 데이비스는 자신이 아내를 전혀 사랑하지 않았다고 여기게 된다.
그 사건(아내가 교통사고로 갑작스러운 죽음을 맞이한) 이후로 그는 눈에 보이는 '잘못'된 것으로 보이는 것을 찾기 위해 '분해'를 하는 이상행동들을 하기 시작한다. 냉장고가 물이 샌다고 모든 것을 분해하고, 사무실에 있는 컴퓨터를 분해하고, 사내 화장실 문이 삐걱거린다고 문을 분해해버린다.
그런 자신의 모습에 공감해주는 마고에게 끌리지만, 단지 누군가에게 자신의 이 상황을 알고서 이해해주기를 바란다는 것을 알고 마고 보다는 그의 아들에게 더 끌리는 듯하다. ('끌린다'는 표현은 사랑한다는 것과는 다른 의미로 하는 표현이다.)
결국 데이비스는 아내가 죽어도 슬프지 않다 라는 자신의 ""잘못""된 부분들을 영화 내내 걸치는 ""분해""의 과정을 통해서 고쳐나가고 깨닫게 된다. 아내의 죽음의 비통함을.
100분이라는 러닝타임 동안, 장 마크 발레 감독은 제이크 질렌할의 신들린듯한 연기를 통해서. 영화 속 '분해'를 통한 진정한 자신을 찾는 과정을 보여주고 결국에는 자신이 아내를 진정으로 사랑했다는 것을 느끼며, 그동안 보였었던 가짜 눈물 대신 진정한 슬픔을 느끼고 눈물을 흘린다.
많은 사람들이 이해하고 공감하기는 힘들겠지만, 삶의 무게중심을 잃고 방황하는 이들에게는 크나큰 위로의 영화가 될 것 같다.
(제이크 질렌할의 도심 속 천진난만한 춤 연기는 일품이었다.) 갑작스러운 이별에는 시간이 필요하니까"
뉴 노멀,"뉴 노멀 후기
캐스팅부터 무슨 이야기가 나올지 정말 궁금하게 만들었던 영화는 과연 뉴노멀한 일들을 보여줬고, 사람의 예상과 기대를 배신한다고 느껴지는 부분들이 있어서 그때마다 씁쓸함과 재미를 느꼈다.

영화를 볼때 또 재미있게 느꼈던 부분은 어떤 것은 유머러스하거나 또 어떤 것은 닭살 돋거나 하는 각양각색의 에피소드들을 보면서 일관되게 이상야릇한 느낌을 받았다는 점이다. 이 느낌은 전체 에피소드들에 통일성을 주고 동시에 각 에피소드들이 보는 사람들에게 새롭게 느껴지도록 만든 것 같다. 개인적으로 가장 마음에 들었던 첫번째 에피소드의 강렬한 시작으로 앞으로 어떠한 에피소드들이 펼쳐질 것이라는 것을 관객들에게 선보였다고 생각하는데 그에 따라서 관객들이 자연스럽게 하게 될 예상들을 크게 벗어나지 않으면서도 맛깔나게 보여주는 솜씨가 좋다고 생각한다.

더해서 오랜만에 스릴러 출연으로 뉴노멀을 꼭 봐야지 마음 먹게 한 최지우 님을 비롯해 주요 등장 인물들, 포스터나 예고편에서 볼 수 없었던 주변 인물들, 모두 인상적인 모습 한가득이었던 부분도 큰 재미였던 것 같다.

앞으로도 기이한 이야기와 모습들을 더 볼 수 있기를 희망해본다. 정범식 감독님 믿었다구 혈액형과 별자리, 사주까지 합쳐지면 과학? 전반적으로 무섭지 않은 서스펜스 스릴러. 옴니버스 구성. 음악이 윤상? 정동원 팬클럽 어머님들의 집결이 대단했다. 어디서 한 번쯤은 들어봤을 도시전설이나 사회뉴스면에서 쉽게 찾아볼 수 있는 사건사고 모음집. 선의의 부정과 약자혐오를 공포의 소재로 삼는 건 너무하다. 괴담집이 커뮤니티로 옮겨온 듯한 느낌. 팬데믹 이후 공포의 주인은 귀신이 아닌 인간임을 보여주는 영화."
너의 눈을 들여다보면,"시간이 지나도 변하지 않는 것들에 대한 감사
노이즈가 낀 필름
초점이 빗나간 사진
자막이 없는 수화
섬광처럼 터지는 빛
화이트보드와 마카
코치와 심판의 외침
니트위로 드러나는 속옷끈
무성영화의 자막 처리
마스크에 가려진 입

일부는 이제 점점 사라진다
그것에 분노하면 스스로 무너진다

코로나가 끝나고 마스크를 벗은 뒤
다시 한번 더 생각하게 되는 이야기들

영화는 눈으로 볼 수 있는 모든 것에 집중한다 씬 그리고 시놉시스에도 필름 카메라의 감성이 묻어난다. 배경음악 없이 공간음으로 그들의 도시를 바라본 엔딩 크레딧도 좋았다. 영제목 그대로 작고 느리지만 꾸준히 쌓여가는 펀치"
패밀리 맨,"삶의 가치를 깨달아가는 감동의 판타지
이 영화는 올해 초에 개봉한 한국 영화 <스위치>와 비교를 하던 댓글이 많아 알게 됐다. 흡사한 내용이 많다고 해서 이제야 보게 됐는데, 이건 흡사 정도가 아니라 표절 수준이었다. 주인공의 직업과 중간의 몇몇 에피소드, 그리고 결말에 두 남녀의 관계가 정확히 어떻게 되는지만 다를 뿐 똑같다고 볼 수 있었다. 그런데 <스위치>가 개봉할 때에는 리메이크라는 언급이 없었고 영화 정보란에도 원작 표기가 되어 있지 않은데, 그럼 결국 표절했다는 얘기가 된다. 나는 <패밀리 맨>을 뒤늦게 알아서 <스위치>를 나쁘지 않게 봤는데, 이 영화를 보고 나니 너무 똑같아서 실망스럽기 그지없다. 대중을 위한 콘텐츠를 만드는 입장인데 양심이 없는 것 같다.

아무튼, 이 영화는 한 번쯤 혹은 그 이상 다른 삶을 꿈꿔본 사람이라면 깊은 감동을 줄 만큼 좋은 영화였다. 웃음과 감동, 메시지까지 너무나 좋았다.
리뷰 전문 보기"
스티브 잡스," 발표회 백스테이지, 스티브 잡스의 개인적 성장과 직업적 혹은 예술적 소명 의식 모두 골고루 다루는 뛰어난 각본. 아론소킨,대니보일,패스밴더 3인의 쉬지않고 몰아치는 3라운드 3번의 프레젠테이션 준비과정은 그저 각본의 구조적인 테크닉에서 그치는 것이 아니라 입체적으로 3번에 걸쳐 인물의 명암을 매력적으로 묘사한다 애플 아직도 혁신이라는 키워드를 달고 다닐수있는이유 무대 뒤 그의 상념과 인간관계들은 제품과 직접적인 연관은 없지만 왜 그가 앤드투앤드와 미려한 하드웨어 디자인, 직관적인 인터페이스에 집착했는지 이해하게 한다 빈틈없이 닫힌 맥을 만든 스티브 잡스의 약점을 열어보임으로 ㅏ람들의 마음에 파고들 수 있게 했다. . 대니보일과 아론소킨의 시너지 : 1+1=1"
소림축구, 정말 어마어마하게 웃기다. 조금 더럽긴 하지만... 어쨌든 웃기긴 엄청 웃기다! 제일 많이 본 중국영화 그시절 백번 돌려본 영화 웃기고 동시에 잘 만들었는 영화 아주 영리한 발상으로 접목된 코미디 액션 스포츠. 하하하 웃음이 난다. 재밌었어요. 어렸을때 주성치를 알게 해준 영화... 시간이 지나서 다시 보니 유치하면서도 재밌네요 이때는 중국이 축구 잘하는 나라인줄 알았지... 역시 주성치. 축구굴기를 외친 중국의 희망편 성공 추락 이별 사랑 기쁨 슬픔 분노 용서 여기에 개그까지 인생의 모든 감정이 다 담겨 있다.
특종: 량첸살인기," 이런 거 볼 시간에 '나이트크롤러'를 보도록 합시다. 태세변환이 능한 스릴러 뭘 좋아하는지 몰라서 코믹, 스릴러, 출생의 비밀... 이것 저것 다 넣어봤어. 폭발적인 몰입감이 사그라들자마자 물밀듯이 밀려드는 찝찝함. 결론은 기레기 쓰레기 너때메 답답해 죽겠는데 웃어? 사실상 사람 두 명 죽이고 과학수사는 신경도 안쓰는 주인공. 저널리즘 저격 영화 주인공이니까 그래 뭐.. 근데 각본까지 논리력을 잃지는 말아주세요.. 롯데엔터테인먼트... 보기전에 알았어야했다 량첸이 주인공이라 생각했다. '무엇이 과연 진실인가' 에 대한 블랙 코미디 하지만 주인공을 과도하게 옹호하는 태도 때문에 나에겐 찝찝함만 남겼다 분명 괜찮은데 왜인지 모를 아쉬움이 가득. 갑자기 이야기의 방향이 바뀌는게 다소 당황스럽긴 하다."
극장판 신 에반게리온,"안녕
에반게리온 TV판이 1995년부터 시작했으니 정말 오래된 작품인데 드디어 끝났네요. 사실 엔드 오브 에반게리온도 그렇고 다 마음에 들며 신극장판도 좋아했지만 Q 이후 너무 오래 걸렸던지라 아무래도 마음의 풍화는 어쩔수가~

어떻게 보면 스케일과 연출은 발전했어도 동어반복적인 내용이라고 생각될 수 있지만 시대를 건너다보니 안노 히데아키도 조금 바뀌었는지 제대로 회자정리하였네요. 너무 바뀐 감은 있지만 그래도 코로나 시기엔 이런 정도가 알맞는 것 같기도 합니다.

나름 구작들이 신랄한 파괴의 향연을 보여주기 때문에 좋아했고 인상적인 작품이었다면 신극장판에 들어서는 수정해가는 모습으로 희망까지 보여줘 참 마음에 드는 시리즈입니다. 이젠 툭툭 털어 낼 수 있겠네요. 극장에서 개봉하길 기다렸지만 무산된 것만이 아쉬울 따름입니다.
리뷰 전문 보기 <에반게리온>의 '엔드 게임'이며(또 어디서 한 바퀴 돌 것 같은 이야기이며), 안노 히데아키의 인생도 같이 응축됐다. ""이젠, 진짜 안녕"""
슈퍼배드," 귀엽고, 귀엽고, 귀엽다! 더빙판을 보는 것도 추천. 노란 쪼꼬미들이 왜 이렇게 귀여운지!!! 요상한 캐릭터의 요상한 매력. 미니언 미니언 미니언 그루에 미니언즈를 더함으로 메가마인드, 슈렉에 버금가는 매력적인 악당을 완성시켰다. 미니언즈들에게 홀딱 빠짐 보기에 귀엽고 즐겁다 노랭이들 대박 귀여워 ㅋㅋㅋ 뻔한 영화지만 노랭이 캐릭터는 독보적인거 같다 ㅋㅋㅋㅋ 시종일관 유쾌함으로 가득 찬 영화. 뻔하지만 그래도 먹히는 감동."
다빈치 코드, 반전을 너무 남발하여 후반에 늘어지는 느낌이 매우 강하지만 소재 자체는 신선했다 미스터리와 퀴즈의 놀이동산에서 끝없이 확장하는 음모론적 상상력. 조잡한 구성에 김새는 반전. 음모론은 재밌을지는 몰라도 끝에는 남는게 없다. 뭔가 조직의 힘이 약해보이는 느낌. 여러가지 그럴듯한 가설을 가지고 진실처럼 꾸미는 것이 소설이고 시나리오라면 그것을 얼마나 빨려들어가게 만드는 가는 영화의 연출일 것이다. 이 영화는 연출과 시나리오를 다잡았다. 책 만큼의 디테일은 부족했어도 영상으로 접할 수 있어 만족합니다. 21 09 17 미스터리한 분위기를 연출하는 데에는 성공했을지 모르겠으나 세월이 한참 지나고 봐서 그런지 투박하다는 느낌은 지울 수가 없다. 원작을 읽었어도 나름 재미있게 봤다. 상상과 영상은 괴리가 있을 수 밖에 없으니까. 원작을 보고 떠올린 랭던 박사와는 좀 괴리가 있던. 원작 덕분에 어느 정도 먹고 들어가지만 그 이상은 아니다
시수,".
'시수'는 2차대전이 끝나갈 무렵에 어렵게 금을 찾은 주인공이 나치 부대의 추격을 받게 되는 영화다. 고어한 액션 오락을 목적으로 하는 듯한 이 영화는 딱 그 정도의 재미를 준다.

영화의 이야기는 매우 단순하다. 금을 찾게 된 주인공이 길에서 마주친 나치 부대의 추격을 받게 되며, 결국 혼자 그들을 상대하게 되는 액션 영화다. 광활한 핀란드의 자연을 배경으로 한 서부극 같기도 하면서, 그 안에는 '람보'의 생존 액션이 중심에 있으며, 그리고 '매드 맥스: 퓨리 로드'의 영향을 받은 듯한 순간들이 있다. 액션 자체는 박진감이 많진 않으며, 고어한 재미에 많이 의존하는 경향이 있다. 어떤 고귀한 목적이 아닌, 오로지 개인의 욕심에 의해 펼쳐지는 지독한 추격과 복수의 연속이며, 짧은 B급 고어 액션 오락을 기대했지만, 그럼에도 뭔가 살짝 아쉽고 시시하게 느껴진 영화다. 포기하지 않는 불굴의 마음과 달리 살짝 미흡한 혈투"
에반게리온: 서,"화려한 영상만.
CG를 잔뜩 활용한 깔끔해진 작화는 오히려 고유의 감성이 줄어들었고, 빠르게 후루루룩 넘어가는 전개는 제대로 된 오리지널 영화라기보다는 억지로 우겨넣은 요약본같은 느낌. '내용 다 알지? 설명 안하고 대충 넘어간다~' 하는 태도로 자기완결성을 해치는 구성. 결과적으로 작중 상황에 전혀 공감할수없이 화려한 영상만이 남았다.

타인들만을 갈구하는 유약한 자아의 애정결핍 주인공."
사이드 이펙트,"욕심 많고 의리 없고
영화 제목은 들어본 적이 있는데 정작 무슨 내용인지는 몰랐다. 그리고 감독이 스티븐 소더버그인 것과 출연하는 배우들도 몰랐다가 영화를 보려고 이번에 찾아보고 알게 됐다. <오션스> 시리즈가 워낙 유명해서 범죄 영화 전문 감독이라는 인식이 박혀있었는데, 이런 반전 스릴러도 나쁘지 않았다. 결말에 당황스럽게 튀어나온 설정 외에는 괜찮았다.
리뷰 전문 보기"
